smiles,log_solubility,mol_weight,logp,tpsa,h_donors,h_acceptors,rotatable_bonds,aromatic_rings
CC(C)=CCCC(C)=CC=O,0.3904,152.24,2.88,17.07,0,1,4,0
C=CCCC,0.0904,70.13,1.97,0.0,0,0,2,0
CCCCCCCCCCCCCC,-2.4643,198.39,5.71,0.0,0,0,11,0
CC(C)Cl,0.7049,78.54,1.63,0.0,0,0,0,0
CCC(C)CO,1.1597,88.15,1.02,20.23,1,1,2,0
CCCCCCCCCC(C)O,-0.0354,172.31,3.51,20.23,1,1,8,0
CCOP(=S)(OCC)SCSCC,-0.6015,260.39,3.73,18.46,0,5,8,0
CCCCCCCO,0.5114,116.2,1.95,20.23,1,1,5,0
CCCCCCCC(=O)OC,-0.1467,158.24,2.52,26.3,0,2,6,0
CCOP(=S)(OCC)SCSC(C)(C)C,-0.9136,288.44,4.51,18.46,0,5,7,0
C=C(Cl)Cl,0.5936,96.94,1.94,0.0,0,0,0,0
CCCCC=O,0.9759,86.13,1.38,17.07,0,1,3,0
CCCCCCCI,-0.9402,226.1,3.39,0.0,0,0,5,0
C=CCCCO,1.3146,86.13,0.94,20.23,1,1,3,0
CC(C)OC=O,1.0823,88.11,0.57,26.3,0,2,2,0
CCCCCC(C)O,0.6372,116.2,1.95,20.23,1,1,4,0
C#CCCCCCC,-0.3838,110.2,2.59,0.0,0,0,4,0
CC(C)CCC(C)(C)C,-1.0563,128.26,3.47,0.0,0,0,2,0
CCCC(C)=O,1.2952,86.13,1.38,17.07,0,1,2,0
CCCOC(=O)CC,0.9904,116.16,1.35,26.3,0,2,3,0
CCC(Br)(CC)C(=O)NC(N)=O,0.0904,237.1,1.13,72.19,2,2,3,0
CCCCC(=O)OCC,0.2985,130.19,1.74,26.3,0,2,4,0
CC(=O)OCCC(C)C,0.4582,130.19,1.6,26.3,0,2,3,0
CCCBr,0.5501,122.99,1.79,0.0,0,0,1,0
COP(=S)(OC)SCC(=O)N(C)C=O,0.4219,257.27,0.85,55.84,0,6,6,0
NC(N)=S,1.542,76.12,-0.81,52.04,2,1,0,0
ClC(Cl)(Cl)C(Cl)(Cl)Cl,-0.3886,236.74,3.73,0.0,0,0,0,0
CCC[N+](=O)[O-],1.0001,89.09,0.67,43.14,0,2,2,0
CCCOC(C)C,0.7388,102.18,1.82,9.23,0,1,3,0
ClCCl,1.0823,84.93,1.42,0.0,0,0,0,0
COC=O,1.6678,60.05,-0.21,26.3,0,2,1,0
CC(C)C,0.1533,58.12,1.66,0.0,0,0,0,0
CCCCC,-0.1515,72.15,2.2,0.0,0,0,2,0
C=C(C)CCC,-0.0789,84.16,2.36,0.0,0,0,2,0
CC(C)C(C)C(C)C,-0.9354,114.23,2.93,0.0,0,0,2,0
C=CCCCCCCCC,-1.2789,140.27,3.92,0.0,0,0,7,0
CC(=O)OCC(COC(C)=O)OC(C)=O,1.0968,218.2,0.04,78.9,0,6,5,0
CCCCCCCBr,-0.7563,179.1,3.35,0.0,0,0,5,0
CCOC(=O)CC(=O)OCC,0.9904,160.17,0.5,52.6,0,4,4,0
C/C=C/CC,0.1582,70.14,1.97,0.0,0,0,1,0
ClC=C(Cl)Cl,0.4388,131.39,2.5,0.0,0,0,0,0
CO,2.1468,32.04,-0.39,20.23,1,1,0,0
CCC(C)=O,1.6388,72.11,0.99,17.07,0,1,1,0
CCCCCCO,0.7872,102.18,1.56,20.23,1,1,4,0
CCCCCCl,0.0662,106.6,2.42,0.0,0,0,3,0
C=CC=C,0.4823,54.09,1.36,0.0,0,0,1,0
CCCOC(C)=O,1.0388,102.13,0.96,26.3,0,2,2,0
NC(=O)CCl,1.3775,93.51,-0.29,43.09,1,1,1,0
CCCCCC=O,0.7581,100.16,1.77,17.07,0,1,4,0
CC(C)=CCC/C(C)=C\CO,0.1969,154.25,2.67,20.23,1,1,4,0
CC[N+](=O)[O-],1.2807,75.07,0.28,43.14,0,2,1,0
CCCC(C)(COC(N)=O)COC(N)=O,0.5128,218.25,0.98,104.64,2,4,6,0
CI,0.9033,141.94,1.05,0.0,0,0,0,0
CCCCC(=O)CCCC,0.1388,142.24,2.94,17.07,0,1,6,0
CCC(C)CC,-0.3934,86.18,2.44,0.0,0,0,2,0
N#CCCl,1.3426,75.5,0.75,23.79,0,1,0,0
CCCCCCCCC(=O)OCC,-0.4515,186.29,3.3,26.3,0,2,8,0
CCC(C)Cl,0.4388,92.57,2.02,0.0,0,0,1,0
C#CCCCC,0.2453,82.15,1.81,0.0,0,0,2,0
C#CCCCCCCC,-0.6644,124.23,2.98,0.0,0,0,5,0
CC(C)OC(C)C,0.8549,102.18,1.82,9.23,0,1,2,0
CNN,2.0355,46.07,-0.92,38.05,2,2,0,0
C#CC,1.1888,40.06,0.64,0.0,0,0,0,0
CCNP(=S)(OC)OC(C)=CC(=O)OC(C)C,-0.2618,281.31,2.34,56.79,1,5,7,0
C=CC=O,1.663,56.06,0.37,17.07,0,1,1,0
CCCCl,0.6759,78.54,1.64,0.0,0,0,1,0
CCOC(C)=O,1.3678,88.11,0.57,26.3,0,2,1,0
CCCC(C)(C)C,-0.7225,100.2,2.83,0.0,0,0,1,0
CCCCOC(=O)CCCCCCCCC(=O)OCCCC,-0.4979,314.47,4.79,52.6,0,4,15,0
C=CC(=C)C,0.4049,68.12,1.75,0.0,0,0,1,0
C=CC(C)(O)CCC=C(C)C,0.4243,154.25,2.67,20.23,1,1,4,0
OCC(O)C(O)C(O)C(O)CO,1.4162,182.17,-3.59,121.38,6,6,5,0
CCCC(=O)CCC,0.7581,114.19,2.16,17.07,0,1,4,0
CC(=O)C(C)(C)C,1.0388,100.16,1.62,17.07,0,1,0,0
N#CC(Cl)(Cl)Cl,0.3382,144.39,1.88,23.79,0,1,0,0
CCCCCCCCC(C)=O,-0.2096,156.27,3.33,17.07,0,1,7,0
CSC,1.1694,62.14,0.98,0.0,0,1,0,0
CCOC(N)=O,1.7984,89.09,0.1,52.32,1,2,1,0
CC(C)C(O)C(C)C,0.7969,116.2,1.66,20.23,1,1,2,0
CCCCBr,0.2404,137.02,2.18,0.0,0,0,2,0
CC(=O)CC(C)C,1.0291,100.16,1.62,17.07,0,1,2,0
CCS,1.0968,62.14,0.94,0.0,1,1,0,0
ClCC(Cl)Cl,0.6711,133.41,2.03,0.0,0,0,1,0
CCCCCCCCl,-0.5483,134.65,3.2,0.0,0,0,5,0
ClC(Cl)C(Cl)Cl,0.5452,167.85,2.59,0.0,0,0,1,0
CCN(CC)C(=O)C(Cl)=CCOP(=O)(OC)OC,1.6402,299.69,2.4,65.07,0,5,8,0
CCCCCCCl,-0.1225,120.62,2.81,0.0,0,0,4,0
CCCCCCCCCCCCCCCCCCCCCCCCCC,-2.6453,366.72,10.39,0.0,0,0,23,0
CC(Cl)Cl,0.763,98.96,1.81,0.0,0,0,0,0
ClC(Cl)(Cl)Cl,0.2694,153.82,2.55,0.0,0,0,0,0
COC(C)(C)C,1.271,88.15,1.43,9.23,0,1,0,0
CCCCCCCCCCCCCCCCO,-1.9998,242.45,5.46,20.23,1,1,14,0
CCC(C)(C)CO,0.8839,102.18,1.41,20.23,1,1,2,0
CCCOC(=O)CCC,0.5404,130.19,1.74,26.3,0,2,4,0
CCCOC=O,1.1501,88.11,0.57,26.3,0,2,3,0
CC(C)CC(C)C,-0.6741,100.2,2.69,0.0,0,0,2,0
CCCCCCCCCC(=O)OCC,-0.5967,200.32,3.69,26.3,0,2,9,0
CCCOCC,1.0678,88.15,1.43,9.23,0,1,3,0
CC(C)O,1.5952,60.1,0.39,20.23,1,1,0,0
ClC(Br)Br,0.4678,208.28,2.3,0.0,0,0,0,0
CCOC(=O)CC(SP(=S)(OC)OC)C(=O)OCC,-0.2434,330.36,2.12,71.06,0,8,9,0
C/C=C/C=O,1.542,70.09,0.76,17.07,0,1,1,0
CCCCCC(=O)OC,0.4823,130.19,1.74,26.3,0,2,4,0
CCC(=O)OC,1.3194,88.11,0.57,26.3,0,2,1,0
CCCC(=O)OC,0.4582,102.13,0.96,26.3,0,2,2,0
CCCCCC(=O)OCC,0.2501,144.21,2.13,26.3,0,2,5,0
C=CCCCCCC,-0.7612,112.22,3.14,0.0,0,0,5,0
CCCC(O)CC,1.0001,102.18,1.56,20.23,1,1,3,0
CCCCCCCC(C)O,0.0614,144.26,2.73,20.23,1,1,6,0
CCCC(=O)CC,0.9856,100.16,1.77,17.07,0,1,3,0
ClCBr,0.9565,129.38,1.58,0.0,0,0,0,0
CCN(CC)C(=S)SSC(=S)N(CC)CC,-0.9644,296.55,3.62,6.48,0,4,4,0
CCCCCCCCO,0.2307,130.23,2.34,20.23,1,1,6,0
CCSCC,0.7388,90.19,1.76,0.0,0,1,2,0
ClCCCl,0.8743,98.96,1.46,0.0,0,0,1,0
CCC(C)(C)Cl,0.1727,106.6,2.41,0.0,0,0,1,0
ClCCBr,0.7485,143.41,1.62,0.0,0,0,1,0
C=CCCCCCCC,-1.0563,126.24,3.53,0.0,0,0,6,0
CCC(C)(O)CC,1.213,102.18,1.56,20.23,1,1,2,0
CCCCC(C)O,0.9565,102.18,1.56,20.23,1,1,3,0
CCCCCO,1.0968,88.15,1.17,20.23,1,1,3,0
N#CCCCl,1.2468,89.53,1.14,23.79,0,1,1,0
CC(C)C(C)O,1.3001,88.15,1.02,20.23,1,1,1,0
CCCCCCCCCC(=O)OC,-0.8821,186.29,3.3,26.3,0,2,8,0
CC(C)CBr,0.2114,137.02,2.04,0.0,0,0,1,0
CCI,0.613,155.97,1.44,0.0,0,0,0,0
CCCCCCBr,-0.4563,165.07,2.96,0.0,0,0,4,0
CCCC(C)C,-0.4225,86.18,2.44,0.0,0,0,2,0
BrC(Br)Br,0.463,252.73,2.45,0.0,0,0,0,0
COP(=O)(OC)C(O)C(Cl)(Cl)Cl,1.2807,257.44,2.16,55.76,1,4,3,0
CC(C)Br,0.6178,122.99,1.79,0.0,0,0,0,0
CC(C)CC(C)(C)C,-0.9063,114.23,3.08,0.0,0,0,1,0
CCC,0.4485,44.1,1.42,0.0,0,0,0,0
C=COCC,0.9759,72.11,1.17,9.23,0,1,2,0
C#CCC,0.7872,54.09,1.03,0.0,0,0,0,0
CCCCC(C)(O)CC,0.613,130.23,2.34,20.23,1,1,4,0
CC#N,1.513,41.05,0.53,23.79,0,1,0,0
ClCC(Cl)(Cl)Cl,0.3324,167.85,2.6,0.0,0,0,0,0
CCCCO,1.3872,74.12,0.78,20.23,1,1,2,0
CC(C)CCO,1.1404,88.15,1.02,20.23,1,1,2,0
C=C(C)C,0.2598,56.11,1.58,0.0,0,0,0,0
C=C(C)C(=C)C,0.2259,82.15,2.14,0.0,0,0,1,0
CCCI,0.2791,169.99,1.83,0.0,0,0,1,0
CCCO,1.6872,60.1,0.39,20.23,1,1,1,0
CCCC(C)O,1.2468,88.15,1.17,20.23,1,1,2,0
ClC(Cl)=C(Cl)C(Cl)=C(Cl)Cl,-0.9934,260.76,4.76,0.0,0,0,1,0
CCC(C)CCO,1.0436,102.18,1.41,20.23,1,1,3,0
CCCCI,-0.0451,184.02,2.22,0.0,0,0,2,0
CCCCCCCC(=O)OCC,-0.2531,172.27,2.91,26.3,0,2,7,0
CCSSCC,0.2162,122.26,2.41,0.0,0,2,3,0
CCOCCOCC,1.0146,118.18,1.06,18.46,0,2,5,0
C=CCCCCC,-0.4176,98.19,2.75,0.0,0,0,4,0
CCCCN(CC)C(=O)SCCC,-0.3209,203.35,3.37,20.31,0,2,6,0
CCCCOC=O,0.7243,102.13,0.96,26.3,0,2,4,0
ClC(Cl)Br,0.642,163.83,2.14,0.0,0,0,0,0
CBr,1.0049,94.94,1.01,0.0,0,0,0,0
C=CC(C)C,0.0662,70.13,1.83,0.0,0,0,1,0
CC,0.7291,30.07,1.03,0.0,0,0,0,0
CC(N)=O,2.1517,59.07,-0.51,43.09,1,1,0,0
CC(O)C(C)(C)C,1.0872,102.18,1.41,20.23,1,1,0,0
CCCC(=O)OCC,0.7291,116.16,1.35,26.3,0,2,3,0
CCCCCCCCCO,-0.0693,144.26,2.73,20.23,1,1,7,0
BrCBr,0.821,173.83,1.73,0.0,0,0,0,0
CCSC(=O)N(CC(C)C)CC(C)C,-0.3934,217.38,3.47,20.31,0,2,5,0
O=[N+]([O-])OCC(CO[N+](=O)[O-])O[N+](=O)[O-],0.313,227.08,-1.02,157.11,0,9,8,0
CCCCCl,0.4049,92.57,2.03,0.0,0,0,2,0
CCNC(=S)NCC,0.6807,132.23,0.49,24.06,2,1,2,0
CCCCC(=O)OC,0.7388,116.16,1.35,26.3,0,2,3,0
CCCCCOC(=O)CC,0.7678,144.21,2.13,26.3,0,2,5,0
CCBr,0.8598,108.97,1.4,0.0,0,0,0,0
CCC#CCC,0.4243,82.15,1.81,0.0,0,0,0,0
C=C(C)CC,0.0662,70.13,1.97,0.0,0,0,1,0
CCOC(C)OCC,1.1791,118.18,1.41,18.46,0,2,4,0
CCCCOCCO,1.1839,118.18,0.8,29.46,1,2,5,0
ClCCCCl,0.6033,112.99,1.85,0.0,0,0,2,0
CC(C)C(C)C,-0.3789,86.18,2.3,0.0,0,0,1,0
C=CCC,0.4485,56.11,1.58,0.0,0,0,1,0
FC(F)(Cl)C(F)(Cl)Cl,-0.0838,187.38,2.92,0.0,0,0,1,0
CCC#N,1.5226,55.08,0.92,23.79,0,1,0,0
OCC(O)CO,1.9291,92.09,-1.67,60.69,3,3,2,0
CCCCOC,0.9081,88.15,1.43,9.23,0,1,3,0
CC(=O)N(C)C,1.9242,87.12,0.09,20.31,0,1,0,0
C=C,1.1936,28.05,0.8,0.0,0,0,0,0
CC(C)(C)CCO,1.1452,102.18,1.41,20.23,1,1,1,0
CC(C)SC(C)C,0.3033,118.24,2.54,0.0,0,1,2,0
CCOP(=S)(OCC)SCSP(=S)(OCC)OCC,-1.2934,384.49,5.01,36.92,0,8,12,0
CCCC(C)(C)CO,0.6517,116.2,1.81,20.23,1,1,3,0
CCCOC,1.1985,74.12,1.04,9.23,0,1,2,0
CC(=O)OC(C)C,1.121,102.13,0.96,26.3,0,2,1,0
C=CCl,0.5404,62.5,1.37,0.0,0,0,0,0
BrC(Br)(Br)Br,-0.1322,331.63,3.18,0.0,0,0,0,0
CCCCCCCCC,-1.4579,128.26,3.76,0.0,0,0,6,0
CCCCCC(C)C,-1.0708,114.23,3.22,0.0,0,0,4,0
CCC(O)C(C)C,1.0485,102.18,1.41,20.23,1,1,2,0
CCCCCCC,-0.8047,100.2,2.98,0.0,0,0,4,0
CCCCCC(C)=O,0.6856,114.19,2.16,17.07,0,1,4,0
COP(=O)(NC(C)=O)SC,1.6484,183.17,1.24,55.4,1,4,3,0
CCCCSP(=O)(SCCCC)SCCCC,-1.0999,314.52,6.69,17.07,0,4,12,0
CC=C(C)C,0.1485,70.13,1.97,0.0,0,0,0,0
CCCC(C)(O)CC,0.913,116.2,1.95,20.23,1,1,3,0
CCCCCCCC,-1.1483,114.23,3.37,0.0,0,0,5,0
CCC=O,1.6678,58.08,0.6,17.07,0,1,1,0
ClC(Cl)Cl,0.821,119.38,1.99,0.0,0,0,0,0
CCCCC(C=O)CC,0.3565,128.21,2.4,17.07,0,1,5,0
CCC(C=O)CC,0.6517,100.16,1.62,17.07,0,1,3,0
CCCOCCC,0.6033,102.18,1.82,9.23,0,1,4,0
CCCCCCCCCCCCCCO,-1.4386,214.39,4.68,20.23,1,1,12,0
NC(N)=O,1.8517,60.06,-0.98,69.11,2,1,0,0
C#CCCC,0.5936,68.12,1.42,0.0,0,0,1,0
CCCCCCCCCCCCCCCCCCO,-2.6772,270.5,6.24,20.23,1,1,16,0
CC(C)CCOC=O,0.6517,116.16,1.21,26.3,0,2,4,0
CCOP(=O)(OCC)OCC,1.5952,182.16,2.2,44.76,0,4,6,0
CC(C)[N+](=O)[O-],1.0872,89.09,0.67,43.14,0,2,1,0
OCC(O)C(O)CO,1.7259,122.12,-2.31,80.92,4,4,3,0
CNC(=O)C=C(C)OP(=O)(OC)OC,1.7022,223.16,1.05,73.86,1,5,5,0
CCC(C)C(C)C,-0.6838,100.2,2.69,0.0,0,0,2,0
C#CCCCCC,-0.0693,96.17,2.2,0.0,0,0,3,0
CC(C)CCl,0.4194,92.57,1.88,0.0,0,0,1,0
CCCCCCCCCCCC(=O)OC,-0.8821,214.35,4.08,26.3,0,2,10,0
CCCSCCC,0.1388,118.24,2.54,0.0,0,1,4,0
CCCCCBr,-0.1031,151.05,2.57,0.0,0,0,3,0
C/C=C/CCCC,-0.4612,98.19,2.75,0.0,0,0,3,0
CC(Cl)(Cl)Cl,0.4194,133.41,2.38,0.0,0,0,0,0
CCOCC,1.3436,74.12,1.04,9.23,0,1,2,0
COCOC,1.6194,76.09,0.24,18.46,0,2,2,0
CCC(C)O,1.6146,74.12,0.78,20.23,1,1,1,0
C=CCSS(=O)CC=C,0.9856,162.28,1.76,17.07,0,2,5,0
CC(C)COC=O,0.8985,102.13,0.82,26.3,0,2,3,0
CCCCCC,-0.4709,86.18,2.59,0.0,0,0,3,0
COP(=O)(OC)OC(Br)C(Cl)(Cl)Br,0.284,380.78,3.65,44.76,0,4,5,0
CC(C)CC(C)(C)O,0.942,116.2,1.8,20.23,1,1,2,0
CCC(C)(C)C,-0.3305,86.18,2.44,0.0,0,0,0,0
C=CCC=C,0.3759,68.12,1.75,0.0,0,0,2,0
CCCCCC(O)CC,0.4291,130.23,2.34,20.23,1,1,5,0
CCCC(C)CO,0.8501,102.18,1.41,20.23,1,1,3,0
CCCCC(C)(C)O,0.8646,116.2,1.95,20.23,1,1,3,0
COC(C)(C)CCCC(C)CC=CC(C)=CC(=O)OC(C)C,-1.1241,310.48,5.06,35.53,0,3,10,0
CCOC(=O)CC,1.0678,102.13,0.96,26.3,0,2,2,0
N#CN=C(N)N,1.2372,84.08,-1.26,88.19,2,2,0,0
O=[N+]([O-])C(Cl)(Cl)Cl,0.4194,164.38,1.59,43.14,0,2,0,0
CCCCCCC(=O)OCC,0.0614,158.24,2.52,26.3,0,2,6,0
COC(C)=O,1.6097,74.08,0.18,26.3,0,2,0,0
C=CC(O)CCC,1.1017,100.16,1.33,20.23,1,1,3,0
CCCCOCCCC,0.492,130.23,2.6,9.23,0,1,6,0
CCCCCCCCCCCCO,-0.9354,186.34,3.9,20.23,1,1,10,0
CCCC(C)(C)O,1.1501,102.18,1.56,20.23,1,1,2,0
CCCCCC(C)(C)O,0.5549,130.23,2.34,20.23,1,1,4,0
C,0.9517,16.04,0.64,0.0,0,0,0,0
CCC(C)C(C)=O,1.063,100.16,1.62,17.07,0,1,2,0
C[N+](=O)[O-],1.513,61.04,-0.11,43.14,0,2,0,0
CC(C)N(C(=O)SCC(Cl)=C(Cl)Cl)C(C)C,-0.9741,304.67,4.84,20.31,0,2,4,0
C=CCCC=C,0.0904,82.15,2.14,0.0,0,0,3,0
C=CCCCC,-0.1757,84.16,2.36,0.0,0,0,3,0
CCCCCCCC(C)=O,0.1388,142.24,2.94,17.07,0,1,6,0
C#C,1.5275,26.04,0.25,0.0,0,0,0,0
CCOC(=O)N(C)C(=O)CSP(=S)(OCC)OCC,0.1688,329.38,2.63,65.07,0,7,8,0
CC(Cl)CCl,0.613,112.99,1.85,0.0,0,0,1,0
CCCC=C(C=O)CC,0.1969,126.2,2.32,17.07,0,1,4,0
CCOP(=S)(OCC)SCCSCC,-0.6596,274.41,3.77,18.46,0,5,9,0
CCCCCCCCCCCCCCCO,-1.6853,228.42,5.07,20.23,1,1,13,0
CC(C)I,0.3759,169.99,1.83,0.0,0,0,0,0
CC(=O)C(C)C,1.3291,86.13,1.23,17.07,0,1,1,0
CCCCCCCCCCCCCCCC,-2.6772,226.45,6.49,0.0,0,0,13,0
CCCCCCC(C)=O,0.3953,128.22,2.55,17.07,0,1,5,0
CCCCCCCCC(=O)OC,-0.2483,172.27,2.91,26.3,0,2,7,0
CCO,1.9194,46.07,-0.0,20.23,1,1,0,0
CCCCCCCCBr,-1.0612,193.13,3.74,0.0,0,0,6,0
CCC(O)CC,1.271,88.15,1.17,20.23,1,1,2,0
CC(C)CCCO,0.8356,102.18,1.41,20.23,1,1,3,0
CCC(C)(C)O,1.4597,88.15,1.17,20.23,1,1,1,0
CCOC=O,1.4597,74.08,0.18,26.3,0,2,2,0
CCCCS,0.3324,90.19,1.72,0.0,1,1,2,0
ClC(Cl)=C(Cl)Cl,0.1582,165.83,3.07,0.0,0,0,0,0
CCC(=O)CC,1.2517,86.13,1.38,17.07,0,1,2,0
C=CC#N,1.4597,53.06,0.7,23.79,0,1,0,0
CCCCC(C)=O,1.0001,100.16,1.77,17.07,0,1,3,0
CCCCC(C)CC,-1.1095,114.23,3.22,0.0,0,0,4,0
BrCCBr,0.5743,187.86,1.78,0.0,0,0,1,0
C=CC(=O)OC,1.2807,86.09,0.35,26.3,0,2,1,0
CCC(O)(CC)CC,0.9759,116.2,1.95,20.23,1,1,3,0
CC(C)C(=O)C(C)C,0.7581,114.19,1.87,17.07,0,1,2,0
CSSC,0.6904,94.2,1.63,0.0,0,2,1,0
CCCCC(O)CC,0.6759,116.2,1.95,20.23,1,1,4,0
CCCCC(CC)CO,0.3662,130.23,2.2,20.23,1,1,5,0
CC(C)N(C(=O)SCC(Cl)=CCl)C(C)C,-0.6867,270.23,4.28,20.31,0,2,4,0
CN(C)C(=S)SSC(=S)N(C)C,-0.4999,240.44,2.06,6.48,0,4,0,0
CCCCCCCCCCO,-0.3692,158.28,3.12,20.23,1,1,8,0
CCC(C)(C)CC,-0.6596,100.2,2.83,0.0,0,0,2,0
CNC(=O)C(C)SCCSP(=O)(OC)OC,1.9407,287.34,1.99,64.63,1,6,8,0
CCCC=O,1.3823,72.11,0.99,17.07,0,1,2,0
CCCC,0.1436,58.12,1.81,0.0,0,0,1,0
ClC(Cl)C(Cl)(Cl)Cl,0.1291,202.3,3.16,0.0,0,0,0,0
CC(C)CO,1.4355,74.12,0.63,20.23,1,1,1,0
ICI,0.2549,267.83,1.81,0.0,0,0,0,0
CCCC(O)CCC,0.7098,116.2,1.95,20.23,1,1,4,0
CCCCCOC(C)=O,0.4727,130.19,1.74,26.3,0,2,4,0
FC(F)(Cl)C(F)(F)Cl,0.0614,170.92,2.65,0.0,0,0,1,0
CC=CC=O,1.542,70.09,0.76,17.07,0,1,1,0
CN(C)C(=O)N(C)C,1.842,116.16,0.23,23.55,0,1,0,0
C=C(Cl)CSC(=S)N(CC)CC,-0.2531,223.79,3.1,3.24,0,2,4,0
CCCl,0.8743,64.52,1.25,0.0,0,0,0,0
C/C=C\CC,0.1582,70.14,1.97,0.0,0,0,1,0
CNC(=O)ON=C(CSC)C(C)(C)C,0.6033,218.32,2.11,50.69,1,4,3,0
CCCCCCCCCCCCCCCCCCCC,-2.5669,282.56,8.05,0.0,0,0,17,0
CCC(CC)CO,0.821,102.18,1.41,20.23,1,1,3,0
Cl/C=C\Cl,0.7581,96.94,1.94,0.0,0,0,0,0
CC(C)CC(C)O,1.0001,102.18,1.41,20.23,1,1,2,0
CC(C)(C)CO,1.1936,88.15,1.02,20.23,1,1,0,0
C=CC,0.8646,42.08,1.19,0.0,0,0,0,0
CCCCCCC(C)O,0.3759,130.23,2.34,20.23,1,1,5,0
CC(=O)OCC(C)C,0.8017,116.16,1.21,26.3,0,2,2,0
CC(C)C(C)(C)C,-0.7225,100.2,2.69,0.0,0,0,0,0
FC(F)(F)C(Cl)Br,0.5598,197.38,2.51,0.0,0,0,0,0
CNC(=O)ON=C(SC)C(=O)N(C)C,1.4384,219.27,0.11,71.0,1,5,1,0
CCSCCSP(=S)(OC)OC,-0.1084,246.36,2.99,18.46,0,5,7,0
CCC(C)C,-0.1515,72.15,2.05,0.0,0,0,1,0
N#Cc1ccccc1,0.9033,103.12,1.56,23.79,0,1,0,1
CCOc1ccc(NC(C)=O)cc1,0.2501,179.22,2.04,38.33,1,2,3,1
CCN(CC)c1c([N+](=O)[O-])cc(C(F)(F)F)c(N)c1[N+](=O)[O-],-1.2595,322.24,2.95,115.54,1,6,5,1
CCc1ccc(CC)cc1,-0.4273,134.22,2.81,0.0,0,0,2,1
CN(C)C(=O)SCCCCOc1ccccc1,-0.5129,253.37,3.26,29.54,0,3,6,1
CC(=O)Nc1ccc(Br)cc1,-0.1046,214.06,2.41,29.1,1,1,1,1
Cc1ccccc1O,1.0872,108.14,1.7,20.23,1,1,0,1
Nc1ccc(O)cc1,1.0001,109.13,0.97,46.25,2,2,0,1
Cc1ccc(C)cc1,0.0469,106.17,2.3,0.0,0,0,0,1
CCc1ccccc1CC,-0.1999,134.22,2.81,0.0,0,0,2,1
O=[N+]([O-])c1cccc(Cl)c1Cl,-0.2967,192.0,2.9,43.14,0,2,1,1
N#Cc1c(Cl)c(Cl)c(Cl)c(C#N)c1Cl,-1.3418,265.91,4.04,47.58,0,2,0,1
CC(C)c1ccccc1,-0.1951,120.19,2.81,0.0,0,0,1,1
O=[N+]([O-])c1ccccc1O,0.5452,139.11,1.3,63.37,1,3,1,1
N#Cc1cc(I)c(O)c(I)c1,-0.3596,370.91,2.47,44.02,1,2,0,1
Oc1ccccc1,1.3872,94.11,1.39,20.23,1,1,0,1
COP(=S)(OC)SCC(=O)N(c1ccc(Cl)cc1)C(C)C,-0.7573,367.86,4.33,38.77,0,5,7,1
CCCCCCc1ccccc1,-1.1337,162.28,3.81,0.0,0,0,5,1
Clc1cc(Cl)c(Cl)c(Cl)c1Cl,-1.3466,250.34,4.95,0.0,0,0,0,1
O=[N+]([O-])c1cccc(O)c1,0.8985,139.11,1.3,63.37,1,3,1,1
CCSCc1ccccc1OC(=O)NC,0.3759,225.31,2.66,38.33,1,3,4,1
CC(C)(C)c1ccc(O)cc1,0.2211,150.22,2.69,20.23,1,1,0,1
Clc1cccc(I)c1,-0.3305,238.45,2.94,0.0,0,0,0,1
Cc1cccc(C)c1,0.0227,106.17,2.3,0.0,0,0,0,1
Oc1cccc(O)c1,1.7791,110.11,1.1,40.46,2,2,0,1
COP(=S)(OC)Oc1cc(Cl)c(I)cc1Cl,-1.816,413.0,4.49,27.69,0,4,4,1
Cc1ccc(Cl)cc1,-0.1031,126.59,2.65,0.0,0,0,0,1
CCCCOC(=O)c1ccc(N)cc1,-0.1041,193.25,2.23,52.32,1,3,4,1
C=C(C)CN(CC)c1c([N+](=O)[O-])cc(C(F)(F)F)cc1[N+](=O)[O-],-1.576,333.27,3.92,89.52,0,5,6,1
Clc1ccc(Cl)c(Cl)c1Cl,-0.8241,215.89,4.3,0.0,0,0,0,1
CCOP(=S)(CC)Oc1cc(Cl)c(Cl)cc1Cl,-1.396,333.6,5.39,18.46,0,3,5,1
Clc1cc(Cl)c(Cl)c(Cl)c1,-0.8531,215.89,4.3,0.0,0,0,0,1
Nc1ccccc1O,1.0388,109.13,0.97,46.25,2,2,0,1
COCC(=O)N(c1c(C)cccc1C)C(C)C(=O)OC,0.6125,279.34,1.84,55.84,0,4,5,1
CNC(=O)Oc1ccccc1OC(C)C,0.3953,209.24,2.19,47.56,1,3,3,1
Cc1ccccc1Cl,-0.316,126.59,2.65,0.0,0,0,0,1
CCOP(=S)(OCC)ON=C(C#N)c1ccccc1,-0.9654,298.3,3.23,63.84,0,6,7,1
Fc1ccccc1,0.5162,96.1,1.83,0.0,0,0,0,1
Cc1cc(C)c(C)c(C)c1C,-0.5483,148.25,3.23,0.0,0,0,0,1
CCOP(=S)(OCC)SCSc1ccc(Cl)cc1,-1.3882,342.88,5.42,18.46,0,5,8,1
Cc1ccc([N+](=O)[O-])cc1[N+](=O)[O-],0.0227,182.13,1.81,86.28,0,4,2,1
CNC(=O)Oc1cccc(N=CN(C)C)c1,0.2549,221.26,1.63,53.93,1,3,3,1
COP(=S)(OC)Oc1ccc(SC)c(C)c1,-0.8241,278.33,3.61,27.69,0,5,5,1
NC(=S)Nc1ccccc1,0.5307,152.22,1.34,38.05,2,1,1,1
Oc1ccc(Cl)cc1,1.0485,128.56,2.05,20.23,1,1,0,1
Cc1cccc(N)c1,0.9759,107.16,1.58,26.02,1,1,0,1
CCOC(=O)c1ccc(N)cc1,0.1214,165.19,1.45,52.32,1,3,2,1
Clc1ccc(Cl)c(Cl)c1,-0.3499,181.45,3.65,0.0,0,0,0,1
Oc1ccccc1O,1.6872,110.11,1.1,40.46,2,2,0,1
Cc1ccccc1Br,0.3082,171.04,2.76,0.0,0,0,0,1
CCNc1ccccc1,0.5646,121.18,2.12,12.03,1,1,2,1
CN(C)C(=O)Nc1ccc(Cl)cc1,-0.0112,198.65,2.43,32.34,1,1,1,1
Brc1cc(Br)c(Br)cc1Br,-1.9902,393.7,4.74,0.0,0,0,0,1
COc1ccc(Cl)cc1,0.042,142.59,2.35,9.23,0,1,1,1
COP(=S)(OC)Oc1ccc([N+](=O)[O-])c(C)c1,-0.5676,277.24,2.8,70.83,0,6,5,1
NC(=O)c1ccccc1O,0.5065,137.14,0.49,63.32,2,2,1,1
Cc1ccccc1[N+](=O)[O-],0.2598,137.14,1.9,43.14,0,2,1,1
CCc1ccccc1C,-0.166,120.19,2.56,0.0,0,0,1,1
CCCCOC(=O)c1ccccc1C(=O)OCCCC,-0.7418,278.35,3.6,52.6,0,4,8,1
COc1c(O)c(Cl)c(Cl)c(Cl)c1Cl,-0.5579,261.92,4.01,29.46,1,2,1,1
COc1ccc([N+](=O)[O-])cc1,0.2211,153.14,1.6,52.37,0,3,2,1
Nc1ccc(S(N)(=O)=O)cc1,0.7388,172.21,-0.08,86.18,2,3,1,1
CCCN(CCC)c1c([N+](=O)[O-])cc(C(C)C)cc1[N+](=O)[O-],-1.7531,309.37,4.25,89.52,0,5,8,1
CCOP(=S)(NC(C)C)Oc1ccccc1C(=O)OC(C)C,-0.6421,345.4,3.89,56.79,1,5,8,1
Clc1cccc(Cl)c1Cl,-0.5483,181.45,3.65,0.0,0,0,0,1
O=[N+]([O-])c1ccc(Cl)c(Cl)c1,-0.1612,192.0,2.9,43.14,0,2,1,1
CCOc1ccc(NC(N)=O)cc1,0.3372,180.21,1.58,64.35,2,2,3,1
CC=Cc1ccc(OC)cc1,-0.1273,148.2,2.73,9.23,0,1,2,1
CC(C)c1ccc(NC(=O)N(C)C)cc1,-0.3238,206.29,2.9,32.34,1,1,2,1
Cc1c([N+](=O)[O-])cc([N+](=O)[O-])cc1[N+](=O)[O-],-0.1709,227.13,1.72,129.42,0,6,3,1
CC(C)OP(=S)(OC(C)C)SCCNS(=O)(=O)c1ccccc1,-0.645,397.52,3.77,64.63,1,6,10,1
Cc1ccccc1C(C)C,-0.4321,134.22,3.12,0.0,0,0,1,1
Nc1cccc(Cl)c1,0.7243,127.57,1.92,26.02,1,1,0,1
CN(C)C(=O)Nc1cccc(C(F)(F)F)c1,-0.2725,232.2,2.8,32.34,1,1,1,1
Cc1cccc(O)c1,1.0581,108.14,1.7,20.23,1,1,0,1
O=[N+]([O-])c1ccc([N+](=O)[O-])cc1,-0.2531,168.11,1.5,86.28,0,4,2,1
CN(C)C(=O)Nc1ccccc1,0.613,164.21,1.78,32.34,1,1,1,1
ClCc1ccccc1,0.2307,126.59,2.43,0.0,0,0,1,1
CON(C)C(=O)Nc1ccc(Br)c(Cl)c1,-0.5115,293.55,3.13,41.57,1,2,2,1
CC(=O)Nc1ccc(F)cc1,0.5259,153.16,1.78,29.1,1,1,1,1
CCc1cccc(CC)c1N(COC)C(=O)CCl,-0.1902,269.77,2.99,29.54,0,2,6,1
O=[N+]([O-])c1ccc(Cl)cc1,-0.0257,157.56,2.25,43.14,0,2,1,1
O=[N+]([O-])c1ccccc1Cl,0.1533,157.56,2.25,43.14,0,2,1,1
CCCCN(C)C(=O)Nc1ccc(Cl)c(Cl)c1,-0.9208,275.18,4.26,32.34,1,1,4,1
O=[N+]([O-])c1ccccc1,0.5162,123.11,1.59,43.14,0,2,1,1
Ic1ccccc1,-0.0693,204.01,2.29,0.0,0,0,0,1
COc1ccccc1OCC(O)COC(N)=O,0.9106,241.24,0.53,91.01,2,5,6,1
CCCCOCN(C(=O)CCl)c1c(CC)cccc1CC,-0.6402,311.85,4.16,29.54,0,2,9,1
Oc1cccc(Cl)c1Cl,0.7581,163.0,2.7,20.23,1,1,0,1
CCC(=O)Nc1ccc(Cl)c(Cl)c1,-0.0644,218.08,3.34,29.1,1,1,2,1
Cc1ccc(N)cc1,0.8017,107.16,1.58,26.02,1,1,0,1
CNC(=O)Oc1ccccc1,0.5148,151.16,1.4,38.33,1,2,1,1
Cc1cccc(C)c1C,-0.1612,120.19,2.61,0.0,0,0,0,1
CNC(=O)Oc1ccc(N(C)C)c(C)c1,0.2453,208.26,1.78,41.57,1,3,2,1
N#Cc1cc(Br)c(O)c(Br)c1,-0.2241,276.91,2.79,44.02,1,2,0,1
Oc1c(Cl)c(Cl)c(Cl)c(Cl)c1Cl,-0.6838,266.34,4.66,20.23,1,1,0,1
NC(=O)NCc1ccccc1,0.9275,150.18,0.85,55.12,2,1,2,1
Cc1ccc(NC(=O)N(C)C)cc1Cl,-0.2981,212.68,2.74,32.34,1,1,1,1
CON(C)C(=O)Nc1ccc(Cl)c(Cl)c1,-0.3509,249.1,3.02,41.57,1,2,2,1
CS(=O)(=O)c1ccc(C(O)C(CO)NC(=O)C(Cl)Cl)cc1,0.3449,356.23,0.4,103.7,3,5,6,1
O=[N+]([O-])c1ccc(O)cc1,1.0291,139.11,1.3,63.37,1,3,1,1
Nc1ccccc1[N+](=O)[O-],0.4388,138.13,1.18,69.16,1,3,1,1
Cc1c([N+](=O)[O-])cccc1[N+](=O)[O-],-0.0644,182.13,1.81,86.28,0,4,2,1
Brc1ccc(Br)c(Br)c1,-0.7902,314.8,3.97,0.0,0,0,0,1
Cc1ccc(C(C)C)cc1O,0.3807,150.22,2.82,20.23,1,1,1,1
Cc1cc(Cl)ccc1N=CN(C)C,0.0033,196.68,2.87,15.6,0,1,2,1
Nc1ccc([N+](=O)[O-])cc1,0.2404,138.13,1.18,69.16,1,3,1,1
Clc1ccccc1,0.2356,112.56,2.34,0.0,0,0,0,1
Brc1ccc(I)cc1,-0.8192,282.91,3.05,0.0,0,0,0,1
CCCCCc1ccccc1,-0.8579,148.25,3.42,0.0,0,0,4,1
Oc1ccc(Cl)c(Cl)c1,0.7823,163.0,2.7,20.23,1,1,0,1
CCN(CC)c1ccccc1,-0.0789,149.24,2.53,3.24,0,1,3,1
Fc1cccc(F)c1,0.4194,114.09,1.96,0.0,0,0,0,1
CC(C)(C)Cc1ccccc1,-0.6208,148.25,3.28,0.0,0,0,1,1
Clc1ccccc1I,-0.3257,238.45,2.94,0.0,0,0,0,1
Cc1cccc(C)c1O,0.763,122.17,2.01,20.23,1,1,0,1
COP(=S)(OC)Oc1ccc([N+](=O)[O-])cc1Cl,-0.6983,297.66,3.14,70.83,0,6,5,1
CCc1cccc(C)c1N(C(=O)CCl)C(C)COC,0.0662,283.8,3.16,29.54,0,2,6,1
OCc1ccccc1,1.1936,108.14,1.18,20.23,1,1,1,1
Oc1ccc(Br)cc1,0.8598,173.01,2.15,20.23,1,1,0,1
O=[N+]([O-])c1cc([N+](=O)[O-])cc([N+](=O)[O-])c1,-0.0112,213.1,1.41,129.42,0,6,3,1
Brc1ccc(Br)cc1,-0.5821,235.91,3.21,0.0,0,0,0,1
Clc1ccc(Cl)cc1,-0.1951,147.0,2.99,0.0,0,0,0,1
Clc1cc(Cl)cc(Cl)c1,-0.7805,181.45,3.65,0.0,0,0,0,1
O=Cc1ccccc1,0.8114,106.12,1.5,17.07,0,1,1,1
N=C(N)NS(=O)(=O)c1ccc(N)cc1,0.4243,214.25,-0.56,122.06,4,4,2,1
COC(=O)c1ccc(O)cc1,0.5032,152.15,1.18,46.53,1,3,1,1
Cc1ccc(O)c(C)c1,0.8114,122.17,2.01,20.23,1,1,0,1
O=[N+]([O-])c1cccc(Cl)c1,0.0469,157.56,2.25,43.14,0,2,1,1
FC(F)(F)c1ccccc1,0.1727,146.11,2.71,0.0,0,0,0,1
CCCCCCOC(=O)c1ccccc1C(=O)OCCCCCC,-1.5857,334.46,5.16,52.6,0,4,12,1
COC(=O)c1ccccc1C(=O)OC,0.584,194.19,1.26,52.6,0,4,2,1
Clc1cc(Cl)c(Cl)cc1Cl,-1.3031,215.89,4.3,0.0,0,0,0,1
Nc1ccccc1Cl,0.6517,127.57,1.92,26.02,1,1,0,1
COc1cccc(Cl)c1,0.042,142.58,2.35,9.23,0,1,1,1
O=Cc1ccc(O)cc1,0.9227,122.12,1.2,37.3,1,2,1,1
Fc1ccccc1Br,0.0807,175.0,2.59,0.0,0,0,0,1
Oc1ccc(Cl)cc1Cl,0.6372,163.0,2.7,20.23,1,1,0,1
Cc1ccccc1N,0.3178,107.16,1.58,26.02,1,1,0,1
C=CCc1ccc(OC)cc1,-0.0257,148.2,2.42,9.23,0,1,3,1
CN(C)C(=O)Nc1cccc(OC(=O)NC(C)(C)C)c1,-0.0305,279.34,2.67,70.67,2,3,2,1
Clc1ccccc1Cl,-0.0886,147.0,2.99,0.0,0,0,0,1
Nc1cccc([N+](=O)[O-])c1,0.3275,138.13,1.18,69.16,1,3,1,1
Oc1cc(Cl)cc(Cl)c1Cl,0.0953,197.45,3.35,20.23,1,1,0,1
Nc1ccccc1,1.1888,93.13,1.27,26.02,1,1,0,1
Brc1cc(Br)cc(Br)c1,-1.3224,314.8,3.97,0.0,0,0,0,1
COP(=S)(OC)Oc1cc(Cl)c(Cl)cc1Cl,-1.3805,321.55,4.54,27.69,0,4,4,1
C=CCc1ccc(O)c(OC)c1,0.6323,164.2,2.13,29.46,1,2,3,1
O=[N+]([O-])c1c(Cl)c(Cl)c(Cl)c(Cl)c1Cl,-1.4289,295.34,4.86,43.14,0,2,1,1
COC(=O)c1cc(O)c(O)c(O)c1,0.7872,184.15,0.59,86.99,3,5,1,1
Fc1cccc(Br)c1,0.0953,175.0,2.59,0.0,0,0,0,1
Clc1ccc(Br)cc1,-0.3692,191.45,3.1,0.0,0,0,0,1
COc1ccccc1[N+](=O)[O-],0.4388,153.14,1.6,52.37,0,3,2,1
CCC(C)c1cc([N+](=O)[O-])cc([N+](=O)[O-])c1O,-0.2483,240.21,2.72,106.51,1,5,4,1
COc1ccccc1O,0.4388,124.14,1.4,29.46,1,2,1,1
Oc1ccc(Cl)c(Cl)c1Cl,0.0953,197.45,3.35,20.23,1,1,0,1
COc1ccccc1,0.492,108.14,1.7,9.23,0,1,1,1
CCc1ccc(C)cc1,-0.1176,120.19,2.56,0.0,0,0,1,1
O=[N+]([O-])c1cccc([N+](=O)[O-])c1,0.2791,168.11,1.5,86.28,0,4,2,1
Nc1ccc(Cl)cc1,0.584,127.57,1.92,26.02,1,1,0,1
CC(C)(C)c1ccccc1,-0.3838,134.22,2.98,0.0,0,0,0,1
Brc1ccccc1,0.1533,157.01,2.45,0.0,0,0,0,1
CCOC(=O)c1ccc(O)cc1,0.2501,166.18,1.57,46.53,1,3,2,1
COC(=O)c1ccccc1,0.492,136.15,1.47,26.3,0,2,1,1
CN(C)C(=O)Nc1ccc(Cl)c(Cl)c1,-0.4515,233.1,3.09,32.34,1,1,1,1
Oc1ccccc1Cl,0.8743,128.56,2.05,20.23,1,1,0,1
CCOc1ccccc1,0.2598,122.17,2.09,9.23,0,1,2,1
CCOC(=O)C=Cc1ccccc1,-0.0644,176.22,2.26,26.3,0,2,3,1
Cc1ccc(S(N)(=O)=O)cc1,0.5452,171.22,0.64,60.16,1,2,1,1
C#CC(C)OC(=O)Nc1cccc(Cl)c1,0.1209,223.66,2.91,38.33,1,2,2,1
CCOP(=S)(OCC)Oc1ccc(S(C)=O)cc1,0.2743,308.36,3.1,44.76,0,5,7,1
Cc1ccc(C)c(C)c1,-0.2144,120.19,2.61,0.0,0,0,0,1
Oc1cc(Cl)c(Cl)cc1Cl,0.3178,197.45,3.35,20.23,1,1,0,1
NNc1ccccc1,1.421,108.14,0.97,38.05,2,2,1,1
Oc1c(Cl)ccc(Cl)c1Cl,0.1098,197.45,3.35,20.23,1,1,0,1
Brc1cccc(Br)c1,-0.3257,235.91,3.21,0.0,0,0,0,1
CC(=O)Nc1ccccc1,0.7436,135.17,1.64,29.1,1,1,1,1
CC(=O)c1ccccc1,0.7678,120.15,1.89,17.07,0,1,1,1
CCCOC(=O)c1ccc(N)cc1,0.2007,179.22,1.84,52.32,1,3,3,1
CCOC(=O)c1ccccc1,0.2646,150.18,1.86,26.3,0,2,2,1
CON(C)C(=O)Nc1ccc(Cl)cc1,0.1436,214.65,2.37,41.57,1,2,2,1
Cc1ccc(Br)cc1,-0.1563,171.04,2.76,0.0,0,0,0,1
CCCCN(CC)c1c([N+](=O)[O-])cc(C(F)(F)F)cc1[N+](=O)[O-],-1.2886,335.28,4.15,89.52,0,5,7,1
Cc1cc(C)c(O)c(C)c1,0.3953,136.19,2.32,20.23,1,1,0,1
c1ccccc1,0.5936,78.11,1.69,0.0,0,0,0,1
Clc1ccc(I)cc1,-0.5628,238.45,2.94,0.0,0,0,0,1
COc1ccc(NC(=O)N(C)C)cc1Cl,0.1465,228.68,2.44,41.57,1,2,2,1
CC(C)N(C(=O)CCl)c1ccccc1,0.1872,211.69,2.67,20.31,0,1,3,1
C=Cc1ccccc1,0.0227,104.15,2.33,0.0,0,0,1,1
Cc1ccccc1C,0.0324,106.17,2.3,0.0,0,0,0,1
Oc1ccc(O)cc1,1.3049,110.11,1.1,40.46,2,2,0,1
CCCCCCc1ccc(O)cc1O,0.134,194.27,3.22,40.46,2,2,5,1
Oc1c(Cl)cc(Cl)c(Cl)c1Cl,-0.1128,231.89,4.01,20.23,1,1,0,1
Clc1cccc(Cl)c1,-0.0838,147.0,2.99,0.0,0,0,0,1
CSc1ccccc1,0.2307,124.21,2.41,0.0,0,1,1,1
CCCCC(CC)COC(=O)c1ccccc1C(=O)OCC(CC)CCCC,-1.9805,390.56,6.43,52.6,0,4,14,1
Cc1cc(C)cc(O)c1,0.7098,122.17,2.01,20.23,1,1,0,1
O=C(Nc1cccc(Cl)c1)OCC#CCCl,-0.7273,258.1,3.13,38.33,1,2,2,1
CC(=O)Nc1ccc(Cl)cc1,0.0116,169.61,2.3,29.1,1,1,1,1
CNc1ccccc1,0.7678,107.16,1.73,12.03,1,1,1,1
Cc1cc([N+](=O)[O-])cc([N+](=O)[O-])c1O,0.6827,198.13,1.52,106.51,1,5,2,1
Oc1cccc(Cl)c1,1.0485,128.56,2.05,20.23,1,1,0,1
Clc1cccc(Br)c1,-0.166,191.45,3.1,0.0,0,0,0,1
OCCOc1ccccc1,1.0485,138.17,1.06,29.46,1,2,3,1
CCc1ccccc1,0.0469,106.17,2.25,0.0,0,0,1,1
C#CC(C)N(C)C(=O)Nc1ccc(Cl)cc1,-0.4999,236.7,2.83,32.34,1,1,2,1
COc1ccc(C=O)cc1,0.6662,136.15,1.51,26.3,0,2,2,1
CC(=O)Nc1ccc([N+](=O)[O-])cc1,0.0846,180.16,1.55,72.24,1,3,2,1
CC(=O)Nc1ccc(O)cc1,0.8888,151.16,1.35,49.33,2,2,1,1
CCCCOc1ccc(C(=O)OCC)c(N(CC)CC)c1,-0.4709,293.41,3.89,38.77,0,4,9,1
Cc1c(C)c(C)c(C)c(C)c1C,-1.1434,162.28,3.54,0.0,0,0,0,1
Cc1ccc(C(C)C)c(O)c1,0.313,150.22,2.82,20.23,1,1,1,1
CCOP(=S)(OCC)Oc1ccc([N+](=O)[O-])cc1,-0.8676,291.26,3.27,70.83,0,6,7,1
CC(C)OC(=O)Nc1cccc(Cl)c1,-0.2483,213.66,3.3,38.33,1,2,2,1
CC(O)c1ccccc1,0.942,122.17,1.74,20.23,1,1,1,1
CC(C)CCCCCOC(=O)c1ccccc1C(=O)OCCCCCC(C)C,-1.8242,390.56,6.43,52.6,0,4,14,1
Cc1cc(C)cc(C)c1,-0.258,120.19,2.61,0.0,0,0,0,1
CCCCCCCCOC(=O)c1ccccc1C(=O)OCCCCCCCC,-1.0878,390.56,6.72,52.6,0,4,16,1
O=[N+]([O-])c1ccccc1[N+](=O)[O-],-0.1128,168.11,1.5,86.28,0,4,2,1
Fc1ccc(F)cc1,0.434,114.09,1.96,0.0,0,0,0,1
CCCN(CCC)c1c([N+](=O)[O-])cc(C(F)(F)F)cc1[N+](=O)[O-],-1.3612,335.28,4.15,89.52,0,5,7,1
CCNC(=O)C(C)OC(=O)Nc1ccccc1,0.5017,236.27,1.76,67.43,2,3,4,1
Cc1ccc([N+](=O)[O-])cc1,0.1824,137.14,1.9,43.14,0,2,1,1
Cc1ccc(O)cc1,1.0339,108.14,1.7,20.23,1,1,0,1
CN(C)c1ccccc1,0.4582,121.18,1.75,3.24,0,1,1,1
CNC(=O)Oc1ccccc1C(C)C,0.0019,193.25,2.53,38.33,1,2,2,1
COc1ccccc1Cl,0.1969,142.58,2.35,9.23,0,1,1,1
COP(=S)(OC)Oc1cc(Cl)c(Br)cc1Cl,-1.5595,366.0,4.65,27.69,0,4,4,1
Cc1ccc(C(C)C)cc1,-0.437,134.22,3.12,0.0,0,0,1,1
Oc1c(Cl)cccc1Cl,0.5211,163.0,2.7,20.23,1,1,0,1
O=C(NC(CO)C(O)c1ccc([N+](=O)[O-])cc1)C(Cl)Cl,0.3657,323.13,0.91,112.7,3,5,6,1
Brc1ccccc1Br,-0.3063,235.91,3.21,0.0,0,0,0,1
Oc1c(Cl)cc(Cl)cc1Cl,0.2549,197.45,3.35,20.23,1,1,0,1
CCCN(CCC)c1c([N+](=O)[O-])cc(S(N)(=O)=O)cc1[N+](=O)[O-],-1.1095,346.37,1.78,149.68,1,7,8,1
Cc1ccc(O)cc1C,0.7194,122.17,2.01,20.23,1,1,0,1
Sc1ccccc1,0.3614,110.18,1.98,0.0,1,1,0,1
CNC(=O)Oc1cc(C)cc(C)c1,0.1383,179.22,2.02,38.33,1,2,1,1
NC(=O)c1ccccc1,0.9227,121.14,0.79,43.09,1,1,1,1
Clc1ccccc1Br,-0.1563,191.45,3.1,0.0,0,0,0,1
Oc1cc(Cl)cc(Cl)c1,0.7388,163.0,2.7,20.23,1,1,0,1
Cc1ccccc1,0.3178,92.14,2.0,0.0,0,0,0,1
Oc1cc(Cl)c(Cl)c(Cl)c1Cl,-0.137,231.89,4.01,20.23,1,1,0,1
CCOC(=O)c1ccccc1C(=O)OCC,0.2501,222.24,2.04,52.6,0,4,4,1
CC(C)Cc1ccccc1,-0.6063,134.22,2.89,0.0,0,0,2,1
Oc1c(Cl)c(Cl)cc(Cl)c1Cl,-0.2434,231.89,4.01,20.23,1,1,0,1
CCCc1ccccc1,-0.2434,120.19,2.64,0.0,0,0,2,1
Cc1cc(C)c(C)cc1C,-0.8337,134.22,2.92,0.0,0,0,0,1
CC(=O)Nc1cc(NS(=O)(=O)C(F)(F)F)c(C)cc1C,-0.1805,310.3,2.52,75.27,2,3,3,1
CNC(=O)Oc1cc(C(C)(C)C)cc(C(C)(C)C)c1,-0.6644,263.38,4.0,38.33,1,2,1,1
CCCCc1ccccc1,-0.5773,134.22,3.03,0.0,0,0,3,1
N#Cc1ccccc1C#N,0.2356,128.13,1.43,47.58,0,2,0,1
Cc1cccc([N+](=O)[O-])c1,0.2065,137.14,1.9,43.14,0,2,1,1
COP(=O)(OC)OC(=CCl)c1cc(Cl)c(Cl)cc1Cl,-0.8008,365.96,5.6,44.76,0,4,5,1
Clc1cc(Cl)c(-c2c(Cl)cccc2Cl)c(Cl)c1,-2.1547,326.44,6.62,0.0,0,0,1,2
Clc1ccc(-c2c(Cl)ccc(Cl)c2Cl)c(Cl)c1,-2.2079,326.44,6.62,0.0,0,0,1,2
Clc1cccc(-c2ccccc2)c1,-0.9741,188.66,4.01,0.0,0,0,1,2
Clc1cccc(-c2c(Cl)c(Cl)cc(Cl)c2Cl)c1Cl,-2.774,360.88,7.27,0.0,0,0,1,2
Clc1cc(Cl)c(Cl)c(-c2c(Cl)c(Cl)cc(Cl)c2Cl)c1Cl,-3.0401,429.77,8.58,0.0,0,0,1,2
Clc1ccccc1-c1ccccc1Cl,-1.1628,223.1,4.66,0.0,0,0,1,2
Clc1cccc(-c2cc(Cl)ccc2Cl)c1,-1.5208,257.55,5.31,0.0,0,0,1,2
Clc1ccc(Cl)c(-c2ccc(Cl)c(Cl)c2)c1,-2.1208,291.99,5.97,0.0,0,0,1,2
Clc1ccccc1-c1ccccc1,-0.8096,188.66,4.01,0.0,0,0,1,2
Clc1ccc(-c2ccccc2Cl)cc1,-1.1676,223.1,4.66,0.0,0,0,1,2
Clc1ccc(-c2ccc(Cl)cc2)cc1,-1.7869,223.1,4.66,0.0,0,0,1,2
Cc1ccc(-c2ccccc2)cc1,-0.8483,168.24,3.66,0.0,0,0,1,2
Clc1cc(-c2cc(Cl)c(Cl)c(Cl)c2Cl)c(Cl)c(Cl)c1Cl,-3.045,429.77,8.58,0.0,0,0,1,2
Clc1cc(Cl)c(-c2cccc(Cl)c2Cl)cc1Cl,-2.1015,326.44,6.62,0.0,0,0,1,2
Clc1ccc(-c2cccc(Cl)c2Cl)cc1,-1.6563,257.55,5.31,0.0,0,0,1,2
Clc1ccc(-c2ccccc2)cc1Cl,-1.7047,223.1,4.66,0.0,0,0,1,2
Clc1cccc(-c2cccc(Cl)c2Cl)c1Cl,-2.1353,291.99,5.97,0.0,0,0,1,2
Oc1ccc(-c2ccccc2)cc1,-0.2967,170.21,3.06,20.23,1,1,1,2
Clc1ccc(-c2cc(Cl)ccc2Cl)c(Cl)c1,-1.7918,291.99,5.97,0.0,0,0,1,2
Clc1ccc(-c2ccc(Cl)c(Cl)c2Cl)c(Cl)c1,-2.3869,326.44,6.62,0.0,0,0,1,2
Clc1ccc(-c2ccc(Cl)c(Cl)c2Cl)c(Cl)c1Cl,-2.4885,360.88,7.27,0.0,0,0,1,2
Nc1ccc(-c2ccc(N)cc2)cc1,0.0807,184.24,2.52,52.04,2,2,1,2
Clc1c(Cl)c(Cl)c(-c2ccccc2)c(Cl)c1Cl,-2.445,326.44,6.62,0.0,0,0,1,2
Clc1c(Cl)c(Cl)c(-c2c(Cl)c(Cl)c(Cl)c(Cl)c2Cl)c(Cl)c1Cl,-4.2256,498.66,9.89,0.0,0,0,1,2
Clc1ccc(-c2c(Cl)c(Cl)c(Cl)c(Cl)c2Cl)c(Cl)c1,-2.445,395.33,7.93,0.0,0,0,1,2
Clc1ccc(Cl)c(-c2cc(Cl)c(Cl)c(Cl)c2Cl)c1,-2.3289,360.88,7.27,0.0,0,0,1,2
Clc1ccc(Cl)c(-c2cccc(Cl)c2Cl)c1,-1.7434,291.99,5.97,0.0,0,0,1,2
Clc1ccc(Cl)c(-c2c(Cl)c(Cl)cc(Cl)c2Cl)c1,-2.2031,360.88,7.27,0.0,0,0,1,2
Clc1ccc(-c2cc(Cl)c(Cl)c(Cl)c2Cl)cc1Cl,-2.3966,360.88,7.27,0.0,0,0,1,2
c1ccc(-c2ccccc2)cc1,-0.7152,154.21,3.35,0.0,0,0,1,2
Clc1cc(Cl)c(-c2c(Cl)cc(Cl)cc2Cl)c(Cl)c1,-2.8272,360.88,7.27,0.0,0,0,1,2
Clc1ccc(Cl)c(-c2c(Cl)c(Cl)c(Cl)c(Cl)c2Cl)c1,-2.9385,395.33,7.93,0.0,0,0,1,2
Clc1ccc(-c2cc(Cl)ccc2Cl)cc1,-1.637,257.55,5.31,0.0,0,0,1,2
Clc1ccc(-c2cc(Cl)c(Cl)c(Cl)c2Cl)c(Cl)c1,-2.1885,360.88,7.27,0.0,0,0,1,2
Clc1cccc(Cl)c1-c1ccccc1,-1.1337,223.1,4.66,0.0,0,0,1,2
Clc1ccc(-c2c(Cl)cccc2Cl)cc1,-1.5837,257.55,5.31,0.0,0,0,1,2
Clc1cccc(Cl)c1-c1c(Cl)cccc1Cl,-2.1885,291.99,5.97,0.0,0,0,1,2
Clc1cc(Cl)c(-c2cc(Cl)c(Cl)cc2Cl)cc1Cl,-2.7547,360.88,7.27,0.0,0,0,1,2
Clc1ccc(-c2c(Cl)cc(Cl)c(Cl)c2Cl)c(Cl)c1Cl,-2.3192,395.33,7.93,0.0,0,0,1,2
Clc1ccc2ccccc2c1,-0.616,162.62,3.49,0.0,0,0,0,2
Cc1ccc(C)c2ccccc12,-0.616,156.23,3.46,0.0,0,0,0,2
Cc1cc(C)c2ccccc2c1,-0.6886,156.23,3.46,0.0,0,0,0,2
CCc1cccc2ccccc12,-0.6305,156.23,3.4,0.0,0,0,1,2
Brc1cccc2ccccc12,-0.7176,207.07,3.6,0.0,0,0,0,2
Nc1cccc2ccccc12,0.4582,143.19,2.42,26.02,1,1,0,2
Oc1ccc2ccccc2c1,0.284,144.17,2.55,20.23,1,1,0,2
Brc1ccc2ccccc2c1,-0.7418,207.07,3.6,0.0,0,0,0,2
c1ccc2ccccc2c1,-0.3547,128.17,2.84,0.0,0,0,0,2
Ic1cccc2ccccc12,-0.8144,254.07,3.44,0.0,0,0,0,2
Cc1ccc2ccccc2c1,-0.437,142.2,3.15,0.0,0,0,0,2
Clc1cccc2ccccc12,-0.5144,162.62,3.49,0.0,0,0,0,2
CCc1ccc2ccccc2c1,-0.6886,156.23,3.4,0.0,0,0,1,2
Cc1cccc2ccccc12,-0.4031,142.2,3.15,0.0,0,0,0,2
CCN(CC)C(=O)C(C)Oc1cccc2ccccc12,-0.3402,271.36,3.48,29.54,0,2,5,2
Cc1ccc2cc(C)ccc2c1,-0.9789,156.23,3.46,0.0,0,0,0,2
Cc1cccc2c(C)cccc12,-0.8768,156.23,3.46,0.0,0,0,0,2
Oc1cccc2ccccc12,0.313,144.17,2.55,20.23,1,1,0,2
Cc1cc2ccccc2cc1C,-0.8966,156.23,3.46,0.0,0,0,0,2
O=[N+]([O-])c1cccc2ccccc12,-0.3257,173.17,2.75,43.14,0,2,1,2
CNC(=O)Oc1cccc2ccccc12,-0.1728,201.22,2.56,38.33,1,2,1,2
CCCCC1(CC)C(=O)NC(=O)NC1=O,0.5835,212.25,0.94,75.27,2,3,4,0
CCC1(CCC(C)C)C(=O)NC(=O)NC1=O,0.193,226.28,1.18,75.27,2,3,4,0
CCC(C)C1(CC)C(=O)NC(=O)NC1=O,0.2307,212.25,0.79,75.27,2,3,3,0
C=CCC1(C)C(=O)NC(=O)NC1=O,0.8259,182.18,-0.07,75.27,2,3,2,0
C=CCC1(C(C)CC)C(=O)NC(=O)NC1=O,0.4117,224.26,0.96,75.27,2,3,4,0
CC(C)C1(C(C)C)C(=O)NC(=O)NC1=O,0.0488,212.25,0.65,75.27,2,3,2,0
CCC1(CC)C(=O)NC(=O)NC1=O,0.2259,184.19,0.16,75.27,2,3,2,0
CCC1(CC)C(=O)NC(=O)N(C)C1=O,0.3082,198.22,0.5,66.48,1,3,2,0
C=CCC1(C(C)CCC)C(=O)NC(=O)NC1=O,0.2472,238.29,1.35,75.27,2,3,5,0
CCCC(C)C1(CC)C(=O)NC(=O)NC1=O,0.2307,226.28,1.18,75.27,2,3,4,0
C=CCC1(C(C)C)C(=O)NC(=O)NC1=O,0.5607,210.23,0.57,75.27,2,3,3,0
C=CCC1(CC)C(=O)NC(=O)NC1=O,0.6062,196.21,0.32,75.27,2,3,3,0
CCC1(C(C)C)C(=O)NC(=O)NC1=O,0.3178,198.22,0.4,75.27,2,3,2,0
C=CCC1(CC=C)C(=O)NC(=O)NC1=O,0.3822,208.22,0.49,75.27,2,3,4,0
CCC1(C)C(=O)NC(=O)NC1=O,0.793,170.17,-0.23,75.27,2,3,1,0
CCC1(CC=C(C)C)C(=O)NC(=O)NC1=O,0.297,224.26,1.11,75.27,2,3,3,0
C=C(Br)CC1(C(C)CC)C(=O)NC(=O)NC1=O,0.1064,303.16,1.68,75.27,2,3,4,0
CC1(C)C(=O)NC(=O)NC1=O,0.5443,156.14,-0.62,75.27,2,3,0,0
CC(C)=CCC1(C(C)C)C(=O)NC(=O)NC1=O,0.1325,238.29,1.35,75.27,2,3,3,0
CC12CCC(=O)C=C1CCC1C2CCC2(C)C(C(=O)CO)CCC12,-0.2821,330.47,3.7,54.37,1,3,2,0
CC12CCC(=O)C=C1CCC1C3CCC(O)(C(=O)CO)C3(C)CC(O)C12F,-0.2725,380.46,1.87,94.83,3,5,2,0
C#CC1(O)CCC2C3CCC4=CC(=O)CCC4(C)C3CCC21C,-1.3515,312.45,3.88,37.3,1,2,0,0
CC12CCC(=O)C=C1CCC1C2CCC2(C)C1CCC2(C)O,-0.5478,302.46,4.27,37.3,1,2,0,0
CC12CCC(=O)C=C1CCC1C2C(O)CC2(C)C1CCC2(O)C(=O)CO,-0.108,362.47,1.78,94.83,3,5,2,0
CC(=O)OCC(=O)C1CCC2C3CCC4=CC(=O)CCC4(C)C3CCC12C,-0.8531,372.51,4.27,60.44,0,4,3,0
CC(=O)C1CCC2C3CCC4=CC(=O)CCC4(C)C3CCC12C,-0.7515,314.47,4.72,34.14,0,2,1,0
CC(=O)OC1CCC2C3CCC4=CC(=O)CCC4(C)C3CCC12C,-1.1212,330.47,4.45,43.37,0,3,1,0
CC(=O)C1(O)CCC2C3CCC4=CC(=O)CCC4(C)C3CCC21C,-0.4597,330.47,3.84,54.37,1,3,1,0
CC12CCC(=O)C=C1CCC1C2C(O)CC2(C=O)C(C(=O)CO)CCC12,-0.4757,360.45,1.85,91.67,2,5,3,0
CCC(=O)OC1CCC2C3CCC4=CC(=O)CCC4(C)C3CCC12C,-1.2112,344.5,4.84,43.37,0,3,2,0
CC12CCC(=O)C=C1CCC1C2CCC2(C)C(O)CCC12,-0.5579,288.43,3.88,37.3,1,2,0,0
CC(=O)OCC(=O)C1(O)CCC2C3CCC4=CC(=O)CCC4(C)C3C(O)CC21C,-0.9741,404.5,2.35,100.9,2,6,3,0
CC(=O)OC1(C)CCC2C3CCC4=CC(=O)CCC4(C)C3CCC21C,-1.1695,344.5,4.84,43.37,0,3,1,0
CC12CCC(=O)C=C1CCC1C2C(O)CC2(C)C(C(=O)CO)CCC12,-0.1805,346.47,2.67,74.6,2,4,2,0
C#CC1(O)CCC2C3CCC4=CC(=O)CCC4(O)C3CCC21C,-0.8241,314.43,2.61,57.53,2,3,0,0
C#CC1(OC(C)=O)CCC2C3CCC4=CC(=O)CCC4C3CCC21C,-0.9354,340.46,4.06,43.37,0,3,1,0
CCNc1nc(Cl)nc(N(CC)CC)n1,-0.5773,229.71,1.8,53.94,1,5,5,1
CCNc1nc(Cl)nc(NC(C)C)n1,-0.4757,215.69,1.78,62.73,2,5,4,1
CCN(CC)c1nc(Cl)nc(NC(C)C)n1,-0.4442,243.74,2.19,53.94,1,5,5,1
COc1nc(NC(C)C)nc(NC(C)C)n1,0.1882,225.3,1.52,71.96,2,6,5,1
CCN(CC)c1nc(Cl)nc(N(CC)CC)n1,-0.7471,257.77,2.22,45.15,0,5,6,1
CCNc1nc(NC(C)C)nc(SC)n1,-0.0838,227.34,1.85,62.73,2,6,5,1
CCNc1nc(NC(C)(C)C)nc(SC)n1,-0.5483,241.36,2.24,62.73,2,6,4,1
CCNc1nc(NC(C)C)nc(OC)n1,0.3788,211.27,1.13,71.96,2,6,5,1
CCNc1nc(Cl)nc(NCC)n1,-0.8144,201.66,1.39,62.73,2,5,4,1
CSc1nc(N(C)C)nc(N(C)C)n1,0.0924,213.31,0.73,45.15,0,6,3,1
COCCCNc1nc(NC(C)C)nc(SC)n1,-0.0296,271.39,1.86,71.96,2,7,8,1
CCNc1nc(Cl)nc(NC(C)(C)C#N)n1,-0.137,240.7,1.67,86.52,2,6,4,1
CN(C)c1nc(N(C)C)nc(N(C)C)n1,-0.2405,210.28,0.07,48.39,0,6,3,1
CC(C)Nc1nc(Cl)nc(NC(C)C)n1,-0.7563,229.72,2.17,62.73,2,5,4,1
CSc1nc(NC(C)C)nc(NC(C)C)n1,-0.5967,241.36,2.23,62.73,2,6,5,1
CCNc1nc(NC(C)(C)C)nc(OC)n1,-0.1801,225.3,1.52,71.96,2,6,4,1
c1ccncc1,1.7549,79.1,1.08,12.89,0,1,0,1
Cc1ccncc1C,1.5613,107.16,1.7,12.89,0,1,0,1
Cc1cccc(C)n1,1.6049,107.16,1.7,12.89,0,1,0,1
Cc1cccnc1C,1.571,107.16,1.7,12.89,0,1,0,1
Oc1ccccn1,1.8807,95.1,0.79,33.12,1,2,0,1
Cc1ccnc(C)c1,1.571,107.16,1.7,12.89,0,1,0,1
CCOP(=S)(OCC)Oc1nc(Cl)c(Cl)cc1Cl,-1.3563,350.59,4.72,40.58,0,5,6,1
NNC(=O)c1ccncc1,1.3915,137.14,-0.31,68.01,2,3,1,1
COC(=O)c1cccnc1,1.1646,137.14,0.87,39.19,0,3,1,1
CCc1ccccn1,1.6339,107.16,1.64,12.89,0,1,1,1
Cc1cncc(C)c1,1.571,107.16,1.7,12.89,0,1,0,1
NC(=O)c1cccnc1,1.6823,122.13,0.18,55.98,1,2,1,1
Clc1cccc(C(Cl)(Cl)Cl)n1,-0.4321,230.91,3.56,12.89,0,1,0,1
Oc1ccncc1,1.8807,95.1,0.79,33.12,1,2,0,1
COc1ccc(C(c2ccc(OC)cc2)C(Cl)(Cl)Cl)cc1,-1.9466,345.65,5.21,18.46,0,2,4,2
Clc1ccc(C(c2ccc(Cl)cc2)C(Cl)Cl)cc1,-2.0966,320.05,5.93,0.0,0,0,3,2
OC(c1ccccc1)c1ccccc1,0.1533,184.24,2.77,20.23,1,1,2,2
OC(c1ccc(Cl)cc1)(c1ccc(Cl)cc1)C(Cl)(Cl)Cl,-1.3544,370.49,5.6,20.23,1,1,2,2
Clc1ccc(C(c2ccccc2Cl)C(Cl)Cl)cc1,-1.7628,320.05,5.93,0.0,0,0,3,2
CC(C)OC(=O)C(O)(c1ccc(Cl)cc1)c1cccc(Cl)c1,-0.8047,339.22,4.18,46.53,1,3,4,2
CN(C)C(=O)C(c1ccccc1)c1ccccc1,-0.0547,239.32,2.91,20.31,0,1,3,2
Clc1ccc(C(c2ccc(Cl)cc2)C(Cl)(Cl)Cl)cc1,-2.0724,354.49,6.5,0.0,0,0,2,2
c1ccc(Cc2ccccc2)cc1,-0.587,168.24,3.28,0.0,0,0,2,2
CC(C)OC(=O)C(O)(c1ccc(Br)cc1)c1ccc(Br)cc1,-0.9983,428.12,4.4,46.53,1,3,4,2
Oc1ccc(Cl)cc1Cc1cc(Cl)ccc1O,-0.5255,269.13,4.0,40.46,2,2,2,2
CC1CCC(C(C)C)C(O)C1,0.163,156.27,2.44,20.23,1,1,1,0
OC1CCCCC1,1.1743,100.16,1.31,20.23,1,1,0,0
CCSC(=O)N(CC)C1CCCCC1,-0.258,215.36,3.51,20.31,0,2,3,0
ClC1C(Cl)C(Cl)C(Cl)C(Cl)C1Cl,-0.8579,290.83,3.64,0.0,0,0,0,0
CC1CCC(C)CC1,-0.7757,112.22,2.83,0.0,0,0,0,0
C1CCCCC1,-0.1128,84.16,2.34,0.0,0,0,0,0
CC1CCCCC1,-0.4757,98.19,2.59,0.0,0,0,0,0
CC1CCCCC1C,-0.6934,112.22,2.83,0.0,0,0,0,0
CCC1CCCCC1,-0.6692,112.22,2.98,0.0,0,0,1,0
OC1C(O)C(O)C(O)C(O)C1O,1.5565,180.16,-3.83,121.38,6,6,0,0
Cc1ncnc2nccnc12,1.1617,146.15,0.73,51.56,0,4,0,2
Oc1ncc2nccnc2n1,0.4451,148.12,0.13,71.79,1,5,0,2
COc1cnc2ncncc2n1,0.836,162.15,0.43,60.79,0,5,1,2
COc1ncnc2nccnc12,0.8501,162.15,0.43,60.79,0,5,1,2
COc1ncc2nccnc2n1,0.8501,162.15,0.43,60.79,0,5,1,2
Cc1ncc2nccnc2n1,1.3291,146.15,0.73,51.56,0,4,0,2
Cc1cnc2cncnc2n1,0.9739,146.15,0.73,51.56,0,4,0,2
COc1cnc2cncnc2n1,0.9468,162.15,0.43,60.79,0,5,1,2
c1cnc2ncncc2n1,1.3968,132.13,0.42,51.56,0,4,0,2
CC12C=CC(=O)C=C1CCC1C3CC(O)C(O)(C(=O)CO)C3(C)CC(O)C12F,-0.3934,394.44,0.62,115.06,4,6,2,0
CC(=O)OCC(=O)C1(O)C(OC(C)=O)CC2C3CCC4=CC(=O)C=CC4(C)C3(F)C(O)CC21C,-0.6112,478.51,1.76,127.2,2,8,4,0
CC12C=CC(=O)C=C1CCC1C2C(O)CC2(C)C1CCC2(O)C(=O)CO,-0.1515,360.45,1.56,94.83,3,5,2,0
CC1CC2C3CCC4=CC(=O)C=CC4(C)C3(F)C(O)CC2(C)C1(O)C(=O)CO,-0.3499,392.47,1.9,94.83,3,5,2,0
CC(=O)OCC(=O)C1(O)CCC2C3CCC4=CC(=O)C=CC4(C)C3C(O)CC21C,-0.7273,402.49,2.13,100.9,2,6,3,0
CCCCC(=O)OC1(C(=O)CO)C(C)CC2C3CCC4=CC(=O)C=CC4(C)C3(F)C(O)CC21C,-0.8918,476.59,3.64,100.9,2,6,6,0
CC1CC2C3CC(F)C4=CC(=O)C=CC4(C)C3(F)C(O)CC2(C)C1(O)C(=O)CO,-1.3287,410.46,1.84,94.83,3,5,2,0
CC(=O)OCC(=O)C1(O)C(C)CC2C3CCC4=CC(=O)C=CC4(C)C3(F)C(O)CC21C,-0.9837,434.5,2.47,100.9,2,6,3,0
CC(=O)C1(O)CCC2C3CC(C)C4=CC(=O)C=CC4(C)C3(F)C(O)CC21C,-0.5962,376.47,2.92,74.6,2,4,1,0
CCCCCC(=O)OCN1C(=O)NC(c2ccccc2)(c2ccccc2)C1=O,-1.4608,380.44,3.56,75.71,1,4,8,2
CCCCCCCC(=O)OCN1C(=O)NC(c2ccccc2)(c2ccccc2)C1=O,-1.769,408.5,4.34,75.71,1,4,10,2
CCCCCCC(=O)OCN1C(=O)NC(c2ccccc2)(c2ccccc2)C1=O,-1.6616,394.47,3.95,75.71,1,4,9,2
O=C1NC(=O)C(c2ccccc2)(c2ccccc2)N1,-0.5952,252.27,1.77,58.2,2,2,2,2
CCCCC(=O)OCN1C(=O)NC(c2ccccc2)(c2ccccc2)C1=O,-0.8763,366.42,3.17,75.71,1,4,7,2
CC(=O)OCN1C(=O)NC(c2ccccc2)(c2ccccc2)C1=O,-0.7757,324.34,2.0,75.71,1,4,4,2
CCC(=O)OCN1C(=O)NC(c2ccccc2)(c2ccccc2)C1=O,-0.9871,338.36,2.39,75.71,1,4,5,2
CCCC(=O)OCN1C(=O)NC(c2ccccc2)(c2ccccc2)C1=O,-1.0665,352.39,2.78,75.71,1,4,6,2
CC1(C)C(C=C(Cl)Cl)C1C(=O)OC(C#N)c1ccc(F)c(Oc2ccccc2)c1,-2.1629,434.29,6.32,59.32,0,4,6,2
CC1(C)C(C=C(Br)Br)C1C(=O)OC(C#N)c1cccc(Oc2ccccc2)c1,-2.6782,505.21,6.49,59.32,0,4,6,2
CC1(C)C(C=C(Cl)Cl)C1C(=O)OC(C#N)c1cccc(Oc2ccccc2)c1,-2.4919,416.3,6.18,59.32,0,4,6,2
CC1(C)C(C=C(Cl)Cl)C1C(=O)OCc1cccc(Oc2ccccc2)c1,-1.6568,391.29,6.11,35.53,0,3,6,2
CC1(C)C(C=C(Cl)C(F)(F)F)C1C(=O)OC(C#N)c1cccc(Oc2ccccc2)c1,-2.5689,449.86,6.54,59.32,0,4,6,2
CC1(C)C(C(=O)OC(C#N)c2cccc(Oc3ccccc3)c2)C1(C)C,-1.5281,349.43,5.27,59.32,0,4,5,2
CC(C)=CC1C(C(=O)OCc2cccc(Oc3ccccc3)c2)C1(C)C,-1.1483,350.46,5.76,35.53,0,3,6,2
CCC(C)n1c(=O)[nH]c(C)c(Br)c1=O,0.1664,261.12,1.58,54.86,1,2,2,1
Cc1c[nH]c(=O)[nH]c1=O,0.6585,126.11,-0.63,65.72,2,2,0,1
O=c1[nH]cc(F)c(=O)[nH]1,0.866,130.08,-0.8,65.72,2,2,0,1
O=c1cc[nH]c(=O)[nH]1,0.6672,112.09,-0.94,65.72,2,2,0,1
CSCS(=O)CC(CO)NC(=O)C=Cc1c(C)[nH]c(=O)[nH]c1=O,0.4286,361.45,-1.07,132.12,4,6,8,1
Cn1ccc(=O)[nH]c1=O,0.9967,126.11,-0.93,54.86,1,2,0,1
Cc1[nH]c(=O)n(C(C)(C)C)c(=O)c1Cl,0.1853,216.67,1.25,54.86,1,2,0,1
O=C1Nc2ccc(Cl)cc2C(c2ccccc2)=NC1O,-0.525,286.72,2.45,61.69,2,3,1,2
CN1C(=O)CN=C(c2ccccc2)c2cc([N+](=O)[O-])ccc21,-0.4496,295.3,2.41,75.81,0,4,2,2
O=C1CN=C(c2ccccc2)c2cc([N+](=O)[O-])ccc2N1,-0.4496,281.27,2.38,84.6,1,4,2,2
O=C1CN=C(c2ccccc2Cl)c2cc([N+](=O)[O-])ccc2N1,-0.3059,315.72,3.04,84.6,1,4,2,2
CN1C(=O)CN=C(c2ccccc2)c2cc(Cl)ccc21,-0.4292,284.75,3.15,32.67,0,2,1,2
O=C1Nc2ccc(Cl)cc2C(c2ccccc2Cl)=NC1O,-0.3567,321.16,3.1,61.69,2,3,1,2
CCN1c2ncccc2C(=O)N(C)c2cccnc21,0.1195,254.29,2.22,49.33,0,4,1,2
CCN1C(=O)c2cccnc2N(CC)c2ncccc21,0.0033,268.32,2.61,49.33,0,4,2,2
CCN1c2ncccc2C(=O)Nc2c(C(F)(F)F)cc(C)nc21,-0.6484,322.29,3.53,58.12,1,4,1,2
CCN1c2nc(N(C)CCO)ccc2NC(=O)c2cccnc21,-0.2386,313.36,1.63,81.59,2,6,4,2
CCN1c2ncccc2C(=O)N(C)c2ccc(Cl)nc21,-0.6034,288.74,2.88,49.33,0,4,1,2
CCN1c2ncccc2C(=O)Nc2c(C)cc(C)nc21,-0.8163,268.32,2.82,58.12,1,4,1,2
Nc1ccc2cc3ccccc3cc2c1,-1.1144,193.25,3.58,26.02,1,1,0,3
Cc1c2ccccc2c(C)c2ccccc12,-1.7918,206.29,4.61,0.0,0,0,0,3
Oc1c2ccccc2cc2ccccc12,-0.9015,194.23,3.7,20.23,1,1,0,3
Cc1ccc2cc3ccccc3cc2c1,-1.9805,192.26,4.3,0.0,0,0,0,3
Cc1c2ccccc2cc2ccccc12,-1.4628,192.26,4.3,0.0,0,0,0,3
c1ccc2cc3ccccc3cc2c1,-1.6853,178.23,3.99,0.0,0,0,0,3
O=[N+]([O-])c1ccc(Oc2ccc(Cl)cc2Cl)cc1,-1.2547,284.1,4.69,52.37,0,3,3,2
CCOC(=O)NCCOc1ccc(Oc2ccccc2)cc1,-0.887,301.34,3.6,56.79,1,4,7,2
COc1ccc(Oc2ccc(NC(=O)N(C)C)cc2)cc1,-0.6257,286.33,3.58,50.8,1,3,4,2
Oc1cc(Cl)ccc1Oc1ccc(Cl)cc1Cl,-0.7708,289.54,5.14,29.46,1,2,2,2
CN(C)C(=O)Nc1ccc(Oc2ccc(Cl)cc2)cc1,-0.9789,290.75,4.23,41.57,1,2,3,2
c1ccc(Oc2ccccc2)cc1,-0.5289,170.21,3.48,9.23,0,1,2,2
c1ccc2c(c1)ccc1c3ccccc3ccc21,-2.5113,228.29,5.15,0.0,0,0,0,4
Cc1cc2c3ccccc3ccc2c2ccccc12,-1.7918,242.32,5.45,0.0,0,0,0,4
Nc1cc2c3ccccc3ccc2c2ccccc12,-1.6128,243.31,4.73,26.02,1,1,0,4
Cc1cc2ccccc2c2ccc3ccccc3c12,-1.8015,242.32,5.45,0.0,0,0,0,4
Cc1c(C)c2c3ccccc3ccc2c2ccccc12,-2.0047,256.35,5.76,0.0,0,0,0,4
Cc1ccc2ccc(C)nc2c1,0.4485,157.22,2.85,12.89,0,1,0,2
Oc1ccc2ncccc2c1,0.342,145.16,1.94,33.12,1,2,0,2
Oc1cccc2ncccc12,0.1582,145.16,1.94,33.12,1,2,0,2
Oc1cccc2cccnc12,0.2162,145.16,1.94,33.12,1,2,0,2
c1ccc2ncccc2c1,0.7581,129.16,2.23,12.89,0,1,0,2
CCOP(=S)(OCC)Oc1cc(C)nc(C(C)C)n1,-0.3741,304.35,3.58,53.47,0,6,7,1
CCCCc1c(C)nc(N(C)C)nc1O,0.3033,209.29,1.9,49.25,1,4,4,1
c1cncnc1,1.9194,80.09,0.48,25.78,0,2,0,1
Cc1nc(N(C)C)nc(OC(=O)N(C)C)c1C,0.4436,238.29,1.22,58.56,0,5,2,1
CCCCc1c(C)nc(NCC)nc1OS(=O)(=O)N(C)C,-0.6257,316.43,1.74,84.42,1,6,8,1
CCCC1CCCC1,-0.9063,112.22,2.98,0.0,0,0,2,0
C1CCCC1,0.1098,70.14,1.95,0.0,0,0,0,0
CCCCCC1CCCC1,-1.5547,140.27,3.76,0.0,0,0,4,0
CC1CCCC1,-0.2096,84.16,2.2,0.0,0,0,0,0
CCOP(=S)(OCC)SC(CCl)N1C(=O)c2ccccc2C1=O,-1.6805,393.85,3.88,55.84,0,6,8,1
O=C1NC(=O)c2ccccc21,0.1243,147.13,0.57,46.17,1,2,0,1
CCOP(=S)(OCC)N1C(=O)c2ccccc2C1=O,-0.2338,299.29,2.58,55.84,0,5,5,1
O=C(Nc1ccc([N+](=O)[O-])cc1Cl)c1cc(Cl)ccc1O,-0.887,327.12,3.86,92.47,2,4,3,2
O=C(Nc1ccccc1)c1ccccc1I,-0.6499,323.13,3.54,29.1,1,1,2,2
Cc1cccc(C)c1NC(=O)c1cc(S(N)(=O)=O)c(Cl)cc1O,-0.4467,354.82,2.56,109.49,3,4,3,2
O=C(Nc1ccccc1)c1ccccc1O,-0.3499,213.24,2.64,49.33,2,2,2,2
CCN1c2cc(Cl)ccc2NC(=O)c2cccnc21,-1.2063,273.72,3.46,45.23,1,3,1,2
CCN1c2cc(OC)cc(C)c2NC(=O)c2cccnc21,-1.1062,283.33,3.12,54.46,1,4,2,2
CCN1c2ccccc2N(C)C(=O)c2cccnc21,-0.2212,253.3,2.83,36.44,0,3,1,2
CCN1c2cc(N(C)C)cc(C)c2NC(=O)c2cccnc21,-0.9697,296.37,3.18,48.47,1,4,2,2
Cn1c(=O)c2[nH]cnc2n(C)c1=O,0.7146,180.17,-1.04,72.68,1,3,0,2
Cn1cnc2c1c(=O)[nH]c(=O)n2C,0.1664,180.17,-1.04,72.68,1,3,0,2
Cn1c(=O)c2c(ncn2CC(O)CO)n(C)c1=O,1.3049,254.25,-2.21,102.28,2,5,3,2
Cn1c(=O)c2c(ncn2C)n(C)c1=O,0.9633,194.19,-1.03,61.82,0,3,0,2
OC1C=CC2C1C1(Cl)C(Cl)=C(Cl)C2(Cl)C1(Cl)Cl,-1.2547,354.88,4.0,20.23,1,1,0,0
ClC1=C(Cl)C2(Cl)C3CC=CC3C1(Cl)C2(Cl)Cl,-1.3418,338.88,5.02,0.0,0,0,0,0
ClC1=C(Cl)C2(Cl)C3C(Cl)C=CC3C1(Cl)C2(Cl)Cl,-1.6694,373.32,5.24,0.0,0,0,0,0
Cc1c[nH]c(=O)nc1N,0.6817,125.13,-0.34,71.77,2,3,0,1
Nc1cc[nH]c(=O)n1,0.8283,111.1,-0.65,71.77,2,3,0,1
Nc1nc(=O)[nH]cc1F,0.9168,129.09,-0.51,71.77,2,3,0,1
Cc1c(N)c(=O)n(-c2ccccc2)n1C,1.0852,203.25,1.07,52.95,1,2,1,2
Cc1cc(=O)n(-c2ccccc2)n1C,1.7331,188.23,1.48,26.93,0,1,1,2
Cc1c(N(C)C)c(=O)n(-c2ccccc2)n1C,1.211,231.3,1.55,30.17,0,2,2,2
O=[N+]([O-])c1ccc(C=NO)o1,0.3275,156.1,1.0,88.87,1,5,2,1
O=Cc1ccco1,1.3388,96.08,1.09,30.21,0,2,1,1
c1ccoc1,0.9904,68.07,1.28,13.14,0,1,0,1
CCCCC1C(=O)N(c2ccccc2)N(c2ccccc2)C1=O,-0.4563,308.38,3.79,40.62,0,2,5,2
CC(=O)CCC1C(=O)N(c2ccccc2)N(c2ccccc2)C1=O,-0.1951,322.36,2.97,57.69,0,3,5,2
CCCCC1C(=O)N(c2ccccc2)N(c2ccc(O)cc2)C1=O,-0.4176,324.38,3.49,60.85,1,3,5,2
C1CCOC1,1.6242,72.11,0.8,9.23,0,1,0,0
CC1CCCO1,1.4404,86.13,1.19,9.23,0,1,0,0
OCC1OC(O)(CO)C(O)C1O,1.6968,180.16,-3.22,110.38,5,6,2,0
CCOC1Oc2ccc(OS(C)(=O)=O)cc2C1(C)C,-0.2676,286.35,2.06,61.83,0,5,4,1
CNC(=O)Oc1cccc2c1OC(C)(C)C2,0.0324,221.26,2.12,47.56,1,3,1,1
CCOC(=O)CCN(SN(C)C(=O)Oc1cccc2c1OC(C)(C)C2)C(C)C,-0.8918,410.54,4.06,68.31,0,7,8,1
OC1CCCCCCC1,0.763,128.22,2.09,20.23,1,1,0,0
C1CCCCCCC1,-0.6208,112.22,3.12,0.0,0,0,0,0
CN(C)C(=O)NC1CCCCCCC1,0.314,198.31,2.37,32.34,1,1,1,0
Cc1ccc2c(ccc3ccccc32)c1,-1.4386,192.26,4.3,0.0,0,0,0,3
c1ccc2c(c1)ccc1ccccc12,-1.1579,178.23,3.99,0.0,0,0,0,3
Cc1cccc2c1ccc1ccccc12,-1.4434,192.26,4.3,0.0,0,0,0,3
c1ccc(CCc2ccccc2)cc1,-0.8483,182.27,3.47,0.0,0,0,3,2
CCC(c1ccc(O)cc1)C(CC)c1ccc(O)cc1,-0.7563,270.37,4.79,40.46,2,2,5,2
OC(c1ccccc1)C(O)c1ccccc1,0.4533,214.26,2.45,40.46,2,2,3,2
CC1=CC(=O)CC(C)(C)C1,0.8743,138.21,2.32,17.07,0,1,0,0
C=C(C)C1CC=C(C)C(=O)C1,0.3904,150.22,2.49,17.07,0,1,1,0
CN(C)C(=O)OC1=CC(=O)CC(C)(C)C1,0.9759,211.26,1.96,46.61,0,3,1,0
C=C(C)C1CC=C(C)CC1,-0.6741,136.24,3.31,0.0,0,0,1,0
C1=CCCCC1,0.134,82.15,2.12,0.0,0,0,0,0
CC1=CCCCC1,-0.1951,96.17,2.51,0.0,0,0,0,0
OC1COC(O)C(O)C1O,1.5759,150.13,-2.58,90.15,4,5,0,0
OCC1OC(O)C(O)C(O)C1O,1.7452,180.16,-3.22,110.38,5,6,1,0
C1CCOCC1,1.3726,86.13,1.19,9.23,0,1,0,0
C=CCC1(c2ccccc2)C(=O)NC(=O)NC1=O,0.2409,244.25,0.87,75.27,2,3,3,1
CCC1(c2ccccc2)C(=O)NC(=O)NC1=O,0.2636,232.24,0.7,75.27,2,3,2,1
Nc1cnn(-c2ccccc2)c(=O)c1Br,-0.1259,266.1,1.58,60.91,1,3,1,2
CNc1cnn(-c2cccc(C(F)(F)F)c2)c(=O)c1Cl,-0.5705,303.67,2.95,46.92,1,3,2,2
Nc1cnn(-c2ccccc2)c(=O)c1Cl,-0.0054,221.65,1.47,60.91,1,3,1,2
CC12CCC3c4ccc(O)cc4CCC3C1CCC2O,-1.0466,272.39,3.61,40.46,2,2,0,1
C#CC1(O)CCC2C3CCc4cc(O)ccc4C3CCC21C,-0.6934,296.41,3.61,40.46,2,2,0,1
CC12CCC3c4ccc(O)cc4CCC3C1CC(O)C2O,-1.0104,288.39,2.58,60.69,3,3,0,1
c1ccc2scnc2c1,0.6614,135.19,2.3,12.89,0,2,0,2
CCOc1ccc2nc(S(N)(=O)=O)sc2c1,-0.4563,258.32,1.34,82.28,1,5,3,2
Sc1nc2ccccc2s1,-0.1515,167.26,2.58,12.89,1,3,0,2
COc1ccc2ccc(=O)oc2c1CC=C(C)C,-0.7002,244.29,3.31,39.44,0,3,3,2
CCOP(=S)(OCC)Oc1ccc2oc(=O)c(Cl)c(C)c2c1,-1.217,362.77,4.43,57.9,0,6,6,2
CCN1C(=O)c2ccccc2Oc2ccccc21,-0.3934,239.27,3.46,29.54,0,2,1,2
Cc1ccc2c(c1)C(=O)N(C)c1cc(N)ccc1O2,-0.5134,254.29,2.96,55.56,1,3,0,2
c1cc2c3c(c4ccc5ccccc5c4cc3c1)CC2,-2.4111,254.33,5.24,0.0,0,0,0,4
Cc1ccc2c(ccc3c4c5c(cccc5cc32)CC4)c1,-2.445,268.36,5.55,0.0,0,0,0,4
Cc1ncc([N+](=O)[O-])n1CCO,0.7969,171.16,0.09,81.19,1,4,3,1
NS(=O)(=O)c1cc2c(cc1Cl)NCNS2(=O)=O,0.1146,297.75,-0.35,118.36,3,5,1,1
NS(=O)(=O)c1cc2c(cc1Cl)NC(C(Cl)Cl)NS2(=O)=O,0.0904,380.66,0.82,118.36,3,5,2,1
CC1=CC(=O)c2ccccc2C1=O,-0.0789,172.18,2.01,34.14,0,2,0,1
O=C(CC(Cl)Cl)NC1=C(Cl)C(=O)c2ccccc2C1=O,-1.0466,332.57,2.83,63.24,1,3,3,1
CCCCc1c(C)nc(NCC)[nH]c1=O,-0.078,209.29,1.85,57.78,2,3,5,1
O=c1ccnc(S)[nH]1,0.2874,128.16,0.06,45.75,2,3,0,1
CC(=O)CC(c1ccccc1)c1c(O)c2ccccc2oc1=O,-0.4965,308.33,3.61,67.51,1,4,4,3
CC(=O)CC(c1ccc(Cl)cc1)c1c(O)c2ccccc2oc1=O,-1.4381,342.78,4.26,67.51,1,4,4,3
CC1OC(OC2C(O)CC(OC3C(O)CC(OC4CCC5(C)C(CCC6C5CC(O)C5(C)C(C7=CC(=O)OC7)CCC65O)C4)OC3C)OC2C)CC(O)C1O,-0.5875,780.95,2.22,203.06,6,14,7,0
CC1OC(OC2C(O)CC(OC3C(O)CC(OC4CCC5(C)C(CCC6C5CCC5(C)C(C7=CC(=O)OC7)CCC65O)C4)OC3C)OC2C)CC(O)C1O,-1.1739,764.95,3.25,182.83,5,13,7,0
Cc1c[nH]c2ccccc12,0.2162,131.18,2.48,15.79,1,0,0,2
c1ccc2[nH]ccc2c1,0.6517,117.15,2.17,15.79,1,0,0,2
CCOP(=S)(OCC)SCn1c(=O)oc2cc(Cl)ccc21,-1.1449,367.82,4.24,53.6,0,6,7,2
O=c1[nH]c2cc(Cl)ccc2o1,0.0174,169.57,1.77,46.0,1,2,0,2
NC(=O)NC1NC(=O)NC1=O,0.613,158.12,-2.18,113.32,4,3,1,0
O=C1CNC(=O)N1,1.1936,100.08,-1.17,58.2,2,2,0,0
CC12CCC(=O)C=C1CCC1C2C(=O)CC2(C)C1CCC2(O)C(=O)CO,-0.1176,360.45,1.99,91.67,2,5,2,0
CC(=O)OCC(=O)C1(O)CCC2C3CCC4=CC(=O)CCC4(C)C3C(=O)CC21C,-0.6499,402.49,2.56,97.74,1,6,3,0
c1ccc2nc3ccccc3cc2c1,-0.3886,179.22,3.39,12.89,0,1,0,3
Nc1cccc2nc3ccccc3cc12,-0.6547,194.24,2.97,38.91,1,2,0,3
C1CCCCCC1,-0.3112,98.19,2.73,0.0,0,0,0,0
OC1CCCCCC1,0.9614,114.19,1.7,20.23,1,1,0,0
Nc1ncnc2nc[nH]c12,0.3614,135.13,-0.06,80.48,2,4,0,2
Nc1nc(O)nc2nc[nH]c12,-0.2584,151.13,-0.36,100.71,3,5,0,2
O=C(NC(=O)c1c(F)cccc1F)Nc1cc(Cl)c(F)c(Cl)c1F,-2.1353,381.11,4.51,58.2,2,2,2,2
O=C(NC(=O)c1c(F)cccc1F)Nc1ccc(Cl)cc1,-1.5257,310.69,3.58,58.2,2,2,2,2
CC(=O)OC1(C(C)=O)CCC2C3C=C(C)C4=CC(=O)CCC4(C)C3CCC21C,-1.2015,384.52,4.58,60.44,0,4,2,0
CC(=O)C1(C)CCC2C3C=C(C)C4=CC(=O)CCC4(C)C3CCC21C,-1.1628,340.51,5.28,34.14,0,2,1,0
CC12CCC3C(CCC4CC(O)CCC43C)C1CCC2=O,-0.6257,290.45,3.96,37.3,1,2,0,0
CCOP(=S)(OCC)Oc1nc(Cl)n(C(C)C)n1,-0.3828,313.75,3.19,58.4,0,6,7,1
Nc1nc[nH]n1,1.6397,84.08,-0.61,67.59,2,3,0,1
CC12CCC(CC1)C(C)(C)O2,0.5936,154.25,2.74,9.23,0,1,0,0
Nc1ccc(S(=O)(=O)c2ccc(N)cc2)cc1,-0.1099,248.31,1.68,86.18,2,4,2,2
Cc1cc(S(=O)(=O)c2ccccc2)ccc1NS(=O)(=O)C(F)(F)F,-0.4515,379.38,3.09,80.31,1,4,4,2
CC(C)Oc1cc(-n2nc(C(C)(C)C)oc2=O)c(Cl)cc1Cl,-1.3689,345.23,4.22,57.26,0,4,3,2
CN(C)C(=O)Nc1ccc(-n2nc(C(C)(C)C)oc2=O)c(Cl)c1,-0.707,338.8,2.87,80.37,1,4,2,2
c1ccnnc1,1.9194,80.09,0.48,25.78,0,2,0,1
CCN(CC)C(=O)CSc1ccc(Cl)nn1,0.5569,259.76,2.09,46.09,0,4,5,1
Cc1ccc2c(c1)Oc1ncc(N)cc1C(=O)N2C,-0.0852,255.28,2.35,68.45,1,4,0,2
CN1C(=O)c2cccnc2Oc2ccccc21,-0.3896,226.23,2.46,42.43,0,3,0,2
Oc1ccc2c(c1)CCCC2,0.4243,148.2,2.27,20.23,1,1,0,1
c1ccc2c(c1)CCCC2,-0.7273,132.21,2.57,0.0,0,0,0,1
C=CCC1(C(C)CCC)C(=O)NC(=S)NC1=O,-0.287,254.35,1.52,58.2,2,3,5,0
CCCC(C)C1(CC)C(=O)NC(=S)NC1=O,-0.2386,242.34,1.35,58.2,2,3,4,0
CC1CCC(C(C)C)C(=O)C1,0.2501,154.25,2.65,17.07,0,1,1,0
O=C1CCCCC1,1.0968,98.15,1.52,17.07,0,1,0,0
CC12CCC(CC1=O)C2(C)C,0.4388,152.24,2.4,17.07,0,1,0,0
CC12CCC(C1)C(C)(C)C2=O,0.492,152.24,2.4,17.07,0,1,0,0
Cc1cccc2c1Cc1ccccc1-2,-1.1386,180.25,3.57,0.0,0,0,0,2
c1ccc2c(c1)Cc1ccccc1-2,-1.0321,166.22,3.26,0.0,0,0,0,2
COC(=O)Nc1cccc(OC(=O)Nc2cccc(C)c2)c1,-0.9378,300.31,3.78,76.66,2,4,3,2
CCOC(=O)Nc1cccc(OC(=O)Nc2ccccc2)c1,-0.8541,300.31,3.87,76.66,2,4,4,2
NS(=O)(=O)c1cc(C2(O)NC(=O)c3ccccc32)ccc1Cl,-0.2826,338.77,0.92,109.49,3,4,2,2
COP(=S)(OC)Oc1ccc(Sc2ccc(OP(=S)(OC)OC)cc2)cc1,-1.6307,466.48,5.63,55.38,0,9,10,2
O=C1NC(=O)C(=O)N1,1.1936,114.06,-1.65,75.27,2,3,0,0
CC1=C(C(=O)Nc2ccccc2)S(=O)(=O)CCO1,0.2835,267.31,1.3,72.47,1,4,2,1
O=C1c2ccccc2C(=O)c2ccccc21,-1.1241,208.22,2.46,34.14,0,2,0,2
Cc1cc(C(=O)NNCc2ccccc2)no1,0.1964,231.26,1.42,67.16,2,4,4,2
CC(C)(C)C(=O)C(Oc1ccc(Cl)cc1)n1cncn1,-0.3596,293.75,3.12,57.01,0,4,4,2
c1ccc(NNc2ccccc2)cc1,-0.0257,184.24,3.13,24.06,2,2,3,2
O=C(c1ccccc1)c1ccccc1,-0.1225,182.22,2.92,17.07,0,1,2,2
O=C1CC(c2ccc(O)c(O)c2)Oc2cc(O)cc(O)c21,-0.3644,288.26,2.22,107.22,4,6,1,2
O=C1NC(=O)C2(CCCCCCC2)C(=O)N1,-0.0557,224.26,1.08,75.27,2,3,0,0
O=C(C=CC=Cc1ccc2c(c1)OCO2)N1CCCCC1,-0.287,285.34,3.0,38.77,0,3,3,1
COC1=CC(=O)CC(C)C12Oc1c(Cl)c(OC)cc(OC)c1C2=O,-0.1834,352.77,2.81,71.06,0,6,3,1
C1=CCCCCC1,-0.1515,96.17,2.51,0.0,0,0,0,0
COC(=O)c1ccccc1OC1OC(COC2OCC(O)C(O)C2O)C(O)C(O)C1O,1.0281,446.41,-2.88,184.6,6,12,6,1
ClC1=C(Cl)C2(Cl)C3C(Cl)C(Cl)CC3C1(Cl)C2(Cl)Cl,-1.9321,409.78,5.68,0.0,0,0,0,0
CC(=O)SC1CC2=CC(=O)CCC2(C)C2CCC3(C)C(CCC34CCC(=O)O4)C12,-0.632,416.58,4.85,60.44,0,5,1,0
COC1=CC2OC3C=CC(O)=CC3C(=O)C2C(O)=C1,-0.0368,262.26,1.55,75.99,2,5,1,0
O=C1c2ccccc2Cc2ccccc2N1CCF,-0.9349,255.29,3.21,20.31,0,1,2,2
CC12CCC3C(CCC4CC5SC5CC43C)C1CCC2O,-1.2305,306.52,4.48,20.23,1,2,0,0
OCC1OC(OC2(CO)OC(CO)C(O)C2O)C(O)C(O)C1O,1.7694,342.3,-5.4,189.53,8,11,5,0
c1ccc(N=Nc2ccccc2)cc1,-0.766,182.23,4.1,24.72,0,2,2,2
c1ccc2c(c1)Cc1c-2ccc2ccccc12,-1.845,216.28,4.41,0.0,0,0,0,3
O=C1NCCN1c1ncc([N+](=O)[O-])s1,-0.1709,214.21,0.58,88.37,1,5,2,1
c1ccc2c(c1)c1cccc3ccc4cccc2c4c31,-2.3869,252.32,5.74,0.0,0,0,0,5
C1CCC2CCCCC2C1,-1.1241,138.25,3.37,0.0,0,0,0,0
CCCCNC(=O)n1c(NC(=O)OC)nc2ccccc21,-0.9755,290.32,2.57,85.25,2,4,4,2
ClC1(Cl)C2(Cl)C3(Cl)C4(Cl)C(Cl)(Cl)C5(Cl)C3(Cl)C1(Cl)C5(Cl)C24Cl,-1.9031,545.55,6.22,0.0,0,0,0,0
O=C1NC(=O)C2(CCCC2)C(=O)N1,0.2506,182.18,-0.09,75.27,2,3,0,0
O=C1CCC(N2C(=O)c3ccccc3C2=O)C(=O)N1,0.0924,258.23,0.09,83.55,1,4,1,1
Cc1cccc2sc3nncn3c12,0.3856,189.24,2.25,30.19,0,3,0,3
C1=CCC=CC1,0.3904,80.13,1.89,0.0,0,0,0,0
COC(=O)Nc1nc2ccc(C(=O)c3ccccc3)cc2[nH]1,-0.4902,295.3,2.97,84.08,2,4,3,3
CC12CCC3C(CCC4=CC(=O)CCC43C)C1CCC2=O,-0.3983,286.42,4.09,34.14,0,2,0,0
O=c1oc2ccccc2c(O)c1C(CC(O)c1ccc(-c2ccc(Br)cc2)cc1)c1ccccc1,-0.7636,527.41,7.18,70.67,2,4,6,5
c1ccc2c(c1)CCN2,0.8839,119.17,1.65,12.03,1,1,0,1
O=C1NC(=O)C2C3C(C(O)(c4ccccc4)c4ccccn4)=CC(C3=C(c3ccccc3)c3ccccn3)C12,-0.5149,511.58,4.29,92.18,2,5,5,4
CC12CCC3C(CCC4CC(=O)CCC43C)C1CCC2O,-0.9078,290.45,3.96,37.3,1,2,0,0
Nc1nc2[nH]cnc2c(=O)[nH]1,-0.3465,151.13,-0.77,100.45,3,4,0,2
CC1(C)OC2CC3C4CCC5=CC(=O)C=CC5(C)C4(F)C(O)CC3(C)C2(C(=O)CO)O1,-0.6983,434.5,2.42,93.06,2,6,2,0
c1ccc2[nH]ncc2c1,0.342,118.14,1.56,28.68,1,1,0,2
CCN(Cc1c(F)cccc1Cl)c1c([N+](=O)[O-])cc(C(F)(F)F)cc1[N+](=O)[O-],-1.8934,421.73,5.34,89.52,0,5,6,2
NS(=O)(=O)c1cc2c(cc1Cl)N=CNS2(=O)=O,-0.0886,295.73,-0.06,118.69,2,5,1,1
O=C1NC(=O)C2(CCCCCC2)C(=O)N1,-0.1457,210.23,0.69,75.27,2,3,0,0
CC=C(C(=CC)c1ccc(O)cc1)c1ccc(O)cc1,-1.0079,266.34,4.6,40.46,2,2,3,2
c1ccc2c(c1)c1ccccc1c1ccccc21,-1.8673,228.29,5.15,0.0,0,0,0,4
C=CC1(C)OC(=O)N(c2cc(Cl)cc(Cl)c2)C1=O,-0.9958,286.11,3.42,46.61,0,3,2,1
NS(=O)(=O)c1cc2c(cc1C(F)(F)F)NC(Cc1ccccc1)NS2(=O)=O,-0.3499,421.42,1.63,118.36,3,5,3,2
O=c1[nH]c(=O)c2[nH]c(=O)[nH]c2[nH]1,-0.5144,168.11,-1.77,114.37,4,3,0,2
c1ccc2c(c1)Cc1cc3ccccc3cc1-2,-2.5031,216.28,4.41,0.0,0,0,0,3
CC(C)NC(=O)N1CC(=O)N(c2cc(Cl)cc(Cl)c2)C1=O,-0.7302,330.17,2.88,69.72,1,3,2,1
O=C1NC(=O)C2(CCCCC2)C(=O)N1,-0.0934,196.21,0.3,75.27,2,3,0,0
c1ccc2cc3cc4ccccc4cc3cc2c1,-2.774,228.29,5.15,0.0,0,0,0,4
CCN1c2ncccc2C(=S)N(C)c2cccnc21,-0.855,270.36,2.76,32.26,0,4,1,2
O=C1CCC(=O)N1,1.5323,99.09,-0.58,46.17,1,2,0,0
c1ccc2c(c1)[nH]c1ccccc12,-1.1628,167.21,3.32,15.79,1,0,0,3
c1ccc2nc(-c3ccc4ccccc4n3)ccc2c1,-1.2257,256.31,4.45,25.78,0,2,1,4
O=C1C=C2CC3(O)COc4c(ccc(O)c4O)C3=C2C=C1O,0.0807,300.27,1.33,107.22,4,6,0,1
c1ccc2c3c(ccc2c1)-c1cccc2cccc-3c12,-2.4837,252.32,5.64,0.0,0,0,0,4
COc1c2occc2c(OC)c2c(=O)cc(C)oc12,-0.0746,260.24,2.86,61.81,0,5,2,3
O=C(Nc1ccccc1)N(Cc1ccc(Cl)cc1)C1CCCC1,-1.4749,328.84,5.32,32.34,1,1,4,2
c1ccc2c(c1)cnc1ccccc12,0.042,179.22,3.39,12.89,0,1,0,3
O=C1NC(=O)C2C=CC=CC12,-0.0315,149.15,0.0,46.17,1,2,0,0
COc1cc2c(N)nc(N3CCN(C(=O)OCC(C)(C)O)CC3)nc2c(OC)c1OC,-0.3731,435.48,1.27,132.5,2,10,6,2
CC1(C)C2CCC1(C)C(O)C2,0.2646,154.25,2.19,20.23,1,1,0,0
CCCC1C(=O)N2C(N(C)C)=Nc3ccc(C)cc3N2C1=O,-0.3247,300.36,2.06,56.22,0,4,2,1
O=C1NC(=O)C(O)(C2(O)C(=O)NC(=O)NC2=O)C(=O)N1,0.4243,286.16,-4.82,191.0,6,8,1,0
C1=CCCC1,0.3711,68.12,1.73,0.0,0,0,0,0
CCC1NC(=O)c2cc(S(N)(=O)=O)c(Cl)cc2N1,-0.2047,289.74,0.88,101.29,3,4,2,1
OC(c1ccc(Cl)cc1)(c1cncnc1)c1ccccc1Cl,-0.7321,331.2,4.07,46.01,1,3,3,3
O=c1[nH]cnc2[nH]ncc12,0.2907,136.11,-0.35,74.43,2,3,0,2
c1cc2ccc3ccc4ccc5ccc6ccc1c1c2c3c4c5c61,-3.1282,300.36,6.92,0.0,0,0,0,7
CN(C)C(=O)NC1CC2CC1C1CCCC21,-0.1472,222.33,2.08,32.34,1,1,1,0
COC1=C(OC)C2C(=O)OCC2C=C1,0.4683,196.2,0.85,44.76,0,4,2,0
c1cc2ccc3ccc4ccc5cccc6c(c1)c2c3c4c56,-2.9763,276.34,6.33,0.0,0,0,0,6
CC12CC1(C)C(=O)N(c1cc(Cl)cc(Cl)c1)C2=O,-0.9354,284.14,3.28,37.38,0,2,1,1
CC12CCC3C(CC=C4CC(O)CCC43C)C1CCC2=O,-0.6063,288.43,3.88,37.3,1,2,0,0
O=C1NC(=O)C(=O)C(=O)N1,0.7823,142.07,-2.08,92.34,2,4,0,0
OC(Cn1cncn1)(Cn1cncn1)c1ccc(F)cc1F,0.5162,306.28,0.74,81.65,1,5,5,3
O=C1C(Cl)C(CCl)CN1c1cccc(C(F)(F)F)c1,-0.571,312.12,3.51,20.31,0,1,2,1
CC1(C)CON(Cc2ccccc2Cl)C1=O,0.2559,239.7,2.64,29.54,0,2,2,1
c1cc2ccc3cccc4ccc(c1)c2c34,-1.6011,202.26,4.58,0.0,0,0,0,4
Cc1cc(=O)[nH]c(=S)[nH]1,0.2085,142.18,0.74,48.65,2,2,0,1
O=C1OC(c2ccc(O)cc2)(c2ccc(O)cc2)c2ccccc21,-0.016,318.33,3.56,66.76,2,4,2,3
c1ccc2c(c1)cc1ccc3cccc4ccc2c1c34,-2.8219,252.32,5.74,0.0,0,0,0,5
C1=Cc2cccc3cccc1c23,-0.5289,152.2,3.32,0.0,0,0,0,2
CC1CO1,1.1017,58.08,0.41,12.53,0,1,0,0
CCN1c2ccccc2N(C)C(=S)c2cccnc21,-0.8899,269.37,3.36,19.37,0,3,1,2
CC12CCC3c4ccc(O)cc4CCC3C1CCC2=O,-0.5265,270.37,3.82,37.3,1,2,0,1
Cn1cc(-c2ccccc2)c(=O)c(-c2cccc(C(F)(F)F)c2)c1,-0.7636,329.32,4.74,22.0,0,1,2,3
O=CNC(N1C=CN(C(NC=O)C(Cl)(Cl)Cl)C=C1)C(Cl)(Cl)Cl,-0.6402,430.93,2.43,64.68,2,4,6,0
COc1c2occc2cc2ccc(=O)oc12,-0.3857,216.19,2.55,52.58,0,4,1,3
CN1C(C(=O)Nc2ccccn2)=C(O)c2ccccc2S1(=O)=O,-0.6257,331.35,1.58,99.6,2,5,2,2
Cc1cc2nc3c(=O)[nH]c(=O)nc-3n(CC(O)C(O)C(O)CO)c2cc1C,-0.3959,376.37,-1.72,161.56,5,8,5,1
c1ccc(-c2ccc(-c3ccccc3)cc2)cc1,-2.0531,230.31,5.02,0.0,0,0,2,3
CC12CC(=O)C3C(CCC4=CC(=O)CCC43C)C1CCC2=O,-0.2967,300.4,3.27,51.21,0,3,0,0
c1ccc2c(c1)sc1ccccc12,-0.7321,184.26,4.05,0.0,0,1,0,3
C#CC1(O)CCC2C3CCC4=Cc5oncc5CC4(C)C3CCC21C,-1.2774,337.46,4.22,46.26,1,3,0,1
O=C(c1ccccc1)C(O)c1ccccc1,0.0082,212.25,2.6,37.3,1,2,3,2
OCc1ccccc1OC1OC(CO)C(O)C(O)C1O,0.9759,286.28,-1.64,119.61,5,7,4,1
CC1=C2C3OC(=O)C(C)C3CCC2(C)C=CC1=O,-0.108,246.31,2.42,43.37,0,3,0,0
O=Cc1ccc2c(c1)OCO2,0.5985,150.13,1.23,35.53,0,3,1,1
CC1CCCCC1NC(=O)Nc1ccccc1,-0.6015,232.33,3.39,41.13,2,1,2,1
CC(=O)N(c1onc(C)c1C)S(=O)c1ccc(N)cc1,-0.3499,293.35,1.95,89.43,1,5,3,2
CC(C)CNC(=O)N1CCNC1=O,0.3469,185.23,0.38,61.44,2,2,2,0
CNC(=O)Oc1ccccc1C1OCCO1,0.6275,223.23,1.45,56.79,1,4,2,1
CC1=C(C(=O)Nc2ccccc2)CCCO1,0.1485,217.27,2.71,38.33,1,2,2,1
Cn1c(=O)on(-c2ccc(Cl)c(Cl)c2)c1=O,0.0227,261.06,1.44,57.14,0,3,1,2
c1cc2c3c(cccc3c1)CC2,-0.8531,154.21,2.94,0.0,0,0,0,2
c1ccc2cc3c(cc2c1)-c1cccc2cccc-3c12,-2.7208,252.32,5.64,0.0,0,0,0,4
Nc1cc(N2CCCCC2)nc(N)[n+]1[O-],0.4248,209.25,-0.13,95.11,2,5,1,1
O=c1oc2ccccc2c(O)c1C1CCCc2ccccc21,0.013,292.33,3.97,50.44,1,3,1,3
CC(C)C(Nc1ccc(C(F)(F)F)cc1Cl)C(=O)OC(C#N)c1cccc(Oc2ccccc2)c1,-2.4852,502.92,7.4,71.35,1,5,8,3
Cc1c(F)c(F)c(COC(=O)C2C(C=C(Cl)C(F)(F)F)C2(C)C)c(F)c1F,-2.1552,418.74,5.55,26.3,0,2,4,1
c1ccc2[nH]nnc2c1,1.0098,119.13,0.96,41.57,1,2,0,2
c1ccc2ocnc2c1,0.8259,119.12,1.83,26.03,0,2,0,2
CCOC(=O)c1cncn1C(C)c1ccccc1,-0.9039,244.29,2.67,44.12,0,3,4,2
CCN1c2ccccc2C(=O)N(C)c2ccccc21,-0.9107,252.32,3.43,23.55,0,2,1,2
O=C(OCC(O)CO)c1ccccc1Nc1ccnc2cc(Cl)ccc12,-0.8246,372.81,3.14,91.68,3,6,6,3
OCC1OC(OC2C(CO)OC(O)C(O)C2O)C(O)C(O)C1O,1.2691,342.3,-5.4,189.53,8,11,4,0
CC12CCc3c(ccc4cc(O)ccc34)C1CCC2=O,-1.1483,266.34,3.94,37.3,1,2,0,2
ClC1=C(Cl)C(Cl)(C2(Cl)C(Cl)=C(Cl)C(Cl)=C2Cl)C(Cl)=C1Cl,-2.1344,474.64,7.73,0.0,0,0,1,0
O=C1C2(Cl)C3(Cl)C4(Cl)C(Cl)(Cl)C5(Cl)C3(Cl)C1(Cl)C5(Cl)C24Cl,-1.1574,490.64,4.62,17.07,0,1,0,0
O=c1c(O)c(-c2ccc(O)cc2O)oc2cc(O)cc(O)c12,-0.1046,302.24,1.99,131.36,5,7,1,3
O=C1CSC(=S)N1,0.5307,133.2,0.13,29.1,1,3,0,0
O=C1C2CC=CCC2C(=O)N1SC(Cl)(Cl)C(Cl)Cl,-1.2257,349.07,3.52,37.38,0,3,3,0
ClC1=C(Cl)C2(Cl)C3C4C=CC(C4)C3C1(Cl)C2(Cl)Cl,-1.6645,364.91,5.27,0.0,0,0,0,0
CC(=O)Nc1nnc(S(N)(=O)=O)s1,0.2453,222.25,-0.86,115.04,2,6,2,1
CC1=C(C(=O)Nc2ccccc2)SCCO1,-0.1322,235.31,2.62,38.33,1,3,2,1
CN(C(=O)COc1nc2ccccc2s1)c1ccccc1,-0.9707,298.37,3.34,42.43,0,4,4,3
CN(C(=O)NC(C)(C)c1ccccc1)c1ccccc1,-0.2338,268.36,3.77,32.34,1,1,3,2
Nc1nccs1,1.213,100.15,0.73,38.91,1,3,0,1
Cc1ccc(N=CN(C)C=Nc2ccc(C)cc2C)c(C)c1,-1.2595,293.41,4.87,27.96,0,2,4,2
OCC(O)C1OC2OC(C(Cl)(Cl)Cl)OC2C1O,0.4969,309.53,-0.46,88.38,3,6,2,0
Nc1nc(N)c2nc(-c3ccccc3)c(N)nc2n1,0.224,253.27,0.83,129.62,3,7,1,3
Cc1ccccc1N1C(=O)c2cc(S(N)(=O)=O)c(Cl)cc2NC1C,-0.4418,365.84,2.71,92.5,2,4,2,2
CN1CC(O)N(c2nnc(C(C)(C)C)s2)C1=O,0.479,256.33,1.03,69.56,1,5,1,1
CCC1(C2=CCC3CCC2C3)C(=O)NC(=O)NC1=O,0.0827,262.31,1.5,75.27,2,3,2,0
CCC(C)C(=O)OC1CC(C)C=C2C=CC(C)C(CCC3CC(O)CC(=O)O3)C21,-1.5184,404.55,4.2,72.83,1,5,6,0
CC1Cc2ccccc2N1NC(=O)c1ccc(Cl)c(S(N)(=O)=O)c1,-0.348,365.84,2.08,92.5,2,4,3,2
c1ccc2c(c1)oc1ccccc12,-0.8386,168.19,3.59,13.14,0,1,0,3
O=C(Nc1ccccc1)Nc1ccccc1,-0.137,212.25,3.33,41.13,2,1,2,2
c1ccc2c(c1)-c1cccc3c1c-2cc1ccccc13,-2.595,252.32,5.64,0.0,0,0,0,4
COc1ccc(C(O)(c2cncnc2)C2CC2)cc1,0.1311,256.31,2.13,55.24,1,4,4,2
c1cnc2c(c1)ccc1ncccc12,0.0904,180.21,2.78,25.78,0,2,0,3
OCC1OC(OCC2OC(OC3(CO)OC(CO)C(O)C3O)C(O)C(O)C2O)C(O)C(O)C1O,1.1888,504.44,-7.57,268.68,11,16,8,0
CCOC(=O)c1ccccc1S(=O)(=O)NN(C=O)c1nc(Cl)cc(OC)n1,-0.827,414.83,1.17,127.79,1,8,8,2
CC12CCC3C(=CCc4cc(O)ccc43)C1CCC2=O,-1.1686,268.36,3.74,37.3,1,2,0,1
Cc1cc(OC(=O)N(C)C)n(-c2ccccc2)n1,0.3759,245.28,2.24,47.36,0,3,2,2
OC(Cn1cncn1)(c1ccc(F)cc1)c1ccccc1F,-0.2434,301.3,2.49,50.94,1,3,4,3
Cc1c2ccccc2c(C)c2c1ccc1ccccc12,-2.0095,256.35,5.76,0.0,0,0,0,4
Cc1nnc2n1-c1ccc(Cl)cc1C(c1ccccc1Cl)=NC2,-0.5918,343.22,4.23,43.07,0,3,1,3
Cc1ccnc2c1NC(=O)c1cccnc1N2C1CC1,-0.1563,266.3,2.65,58.12,1,4,1,2
c1cc2cccc3c4cccc5cccc(c(c1)c23)c54,-2.8727,252.32,5.74,0.0,0,0,0,5
COc1cc(C2c3cc4c(cc3C(OC3OC5COC(C)OC5C(O)C3O)C3COC(=O)C23)OCO4)cc(OC)c1O,-0.3407,588.56,1.34,160.83,3,13,5,2
O=c1[nH]cnc2nc[nH]c12,0.2762,136.11,-0.35,74.43,2,3,0,2
CC1COC2CC3(C)C(CC4C5C=C6CC(O)CCC6(C)CC5CCC43C)OC2C1,-2.1547,414.63,5.51,38.69,1,3,0,0
Cc1ccccc1-n1c(C)nc2ccccc2c1=O,-0.0281,250.3,3.0,34.89,0,2,1,3
CCOc1ccc(C(C)(C)COCc2cccc(Oc3ccccc3)c2)cc1,-2.774,376.5,6.37,27.69,0,3,9,3
CCC1(c2ccccc2)CCC(=O)NC1=O,0.2564,217.27,1.77,46.17,1,2,2,1
CC1CC(C)C(=O)C(C(O)CC2CC(=O)NC(=O)C2)C1,0.8404,281.35,1.04,83.47,2,4,3,0
CC(=O)C1CCC2C3CC=C4CC(O)CCC4(C)C3CCC12C,-0.8628,316.49,4.52,37.3,1,2,1,0
Cc1ccc(OP(=O)(Oc2cccc(C)c2)Oc2ccccc2C)cc1,-1.5208,368.37,6.26,44.76,0,4,6,3
CSc1nnc(C(C)(C)C)c(=O)n1N,0.297,214.29,0.37,73.8,1,5,1,1
Nc1ncnc2c1ccn2C1OC(CO)C(O)C1O,0.4436,266.26,-1.38,126.65,4,7,2,2
O=C1NC(=O)C2(CC2)C(=O)N1,0.4746,154.12,-0.87,75.27,2,3,0,0
c1ccc2c(c1)CCC2,-0.0838,118.18,2.18,0.0,0,0,0,1
c1ccc2cnccc2c1,0.6856,129.16,2.23,12.89,0,1,0,2
OCC1OC(n2cnc3c(O)ncnc32)C(O)C1O,0.792,268.23,-1.86,133.75,4,8,2,2
Clc1c(Cl)c(Cl)c2nccnc2c1Cl,-1.2402,267.93,4.24,25.78,0,2,0,2
c1ccc(C2CO2)cc1,0.613,120.15,1.76,12.53,0,1,1,1
CCC(=C(CC)c1ccc(O)cc1)c1ccc(O)cc1,-0.5821,268.36,4.83,40.46,2,2,4,2
c1ccc2c(c1)-c1cccc3cccc-2c13,-1.516,202.26,4.49,0.0,0,0,0,3
CC(C)C(C(=O)OC(C#N)c1cccc(Oc2ccccc2)c1)c1ccc(OC(F)F)cc1,-1.9398,451.47,6.63,68.55,0,5,9,3
CCCC1COC(Cn2cncn2)(c2ccc(Cl)cc2Cl)O1,-0.303,342.23,3.65,49.17,0,4,5,2
O=C1CN(N=Cc2ccc([N+](=O)[O-])o2)C(=O)N1,-0.2483,238.16,0.07,118.05,1,6,3,1
NC(=O)c1cnccn1,1.0644,123.11,-0.42,68.87,1,3,1,1
O=C1C(O)=C(C2CCC(c3ccc(Cl)cc3)CC2)C(=O)c2ccccc21,-1.4826,366.84,5.51,54.37,1,3,2,2
O=C(Cn1ccnc1[N+](=O)[O-])NCc1ccccc1,0.0275,260.25,1.11,90.06,1,4,5,2
CCC1(C2=CCCCC2)C(=O)NC(=O)NC1=O,0.3372,236.27,1.25,75.27,2,3,2,0
COC(=O)C1=C(C)NC(C)=C(C(=O)OC)C1c1ccccc1[N+](=O)[O-],-0.916,346.34,2.18,107.77,1,7,4,1
O=C1NC(=O)C2(CCC2)C(=O)N1,0.5864,168.15,-0.48,75.27,2,3,0,0
CCCOP(=S)(OCCC)SCC(=O)N1CCCCC1C,-0.6208,353.49,4.2,38.77,0,5,9,0
c1ccc(Nc2ccccc2)cc1,-0.3083,169.23,3.43,12.03,1,1,2,2
ClC(Cl)=C(c1ccc(Cl)cc1)c1ccc(Cl)cc1,-1.9515,318.03,6.19,0.0,0,0,2,2
O=c1[nH]c2c(c(=O)n1C1CCCCC1)CCC2,-0.8357,234.3,1.53,54.86,1,2,1,1
CCC1(c2ccccc2)C(=O)NCNC1=O,0.1098,218.26,0.54,58.2,2,2,2,1
O=C1CCCN1,1.9049,85.11,-0.1,29.1,1,1,0,0
C=C(C)C1Cc2c(ccc3c2OC2COc4cc(OC)c(OC)cc4C2C3=O)O1,-0.7515,394.42,3.7,63.22,0,6,3,2
ClC1=C(Cl)C2(Cl)C3C4CC(C5OC45)C3C1(Cl)C2(Cl)Cl,-1.6563,380.91,4.48,12.53,0,1,0,0
c1ccsc1,0.7436,84.14,1.75,0.0,0,1,0,1
c1ccc2c(c1)ccc1c2ccc2c3ccccc3ccc21,-2.4208,278.35,6.3,0.0,0,0,0,5
Cc1occc1C(=O)Nc1ccccc1,-0.2096,201.23,2.84,42.24,1,2,2,2
N#CC(OC1OC(COC2OC(CO)C(O)C(O)C2O)C(O)C(O)C1O)c1ccccc1,1.0146,457.43,-3.11,202.32,7,12,7,1
